                     -76.367532368147138               3637485930.542410850524902                        0.000000000000000               3637485930.542410850524902
                     -76.226111011909822               3632041827.632947444915771                        0.000000000000000               3632041827.632947444915771
                     -76.084689655672520               3626665935.615633010864258                        0.000000000000000               3626665935.615633010864258
                     -75.943268299435218               3621356315.922937870025635                        0.000000000000000               3621356315.922937870025635
                     -75.801846943197901               3616110978.802811145782471                        0.000000000000000               3616110978.802811145782471
                     -75.660425586960585               3610927925.450109958648682                        0.000000000000000               3610927925.450109958648682
                     -75.519004230723283               3605805187.488567352294922                        0.000000000000000               3605805187.488567352294922
                     -75.377582874485967               3600740863.478163719177246                        0.000000000000000               3600740863.478163719177246
                     -75.236161518248664               3595733152.178531169891357                        0.000000000000000               3595733152.178531169891357
                     -75.094740162011348               3590780382.355128288269043                        0.000000000000000               3590780382.355128288269043
                     -74.953318805774046               3585881038.970534801483154                        0.000000000000000               3585881038.970534801483154
                     -74.811897449536730               3581033785.657542228698730                        0.000000000000000               3581033785.657542228698730
                     -74.670476093299413               3576237483.422998905181885                        0.000000000000000               3576237483.422998905181885
                     -74.529054737062111               3571491205.581085205078125                        0.000000000000000               3571491205.581085205078125
                     -74.387633380824809               3566794248.961173534393311                        0.000000000000000               3566794248.961173534393311
                     -74.246212024587493               3562146141.478356361389160                        0.000000000000000               3562146141.478356361389160
                     -74.104790668350191               3557546646.193666934967041                        0.000000000000000               3557546646.193666934967041
                     -73.963369312112874               3552995762.025677680969238                        0.000000000000000               3552995762.025677680969238
                     -73.821947955875572               3548493721.305517673492432                        0.000000000000000               3548493721.305517673492432
                     -73.680526599638256               3544040984.393060207366943                        0.000000000000000               3544040984.393060207366943
                     -73.539105243400954               3539638231.593295097351074                        0.000000000000000               3539638231.593295097351074
                     -73.397683887163637               3535286352.628612041473389                        0.000000000000000               3535286352.628612041473389
                     -73.256262530926321               3530986433.935052394866943                        0.000000000000000               3530986433.935052394866943
                     -73.114841174689019               3526739744.058710575103760                        0.000000000000000               3526739744.058710575103760
                     -72.973419818451717               3522547717.432497024536133                        0.000000000000000               3522547717.432497024536133
                     -72.831998462214401               3518411936.813811779022217                        0.000000000000000               3518411936.813811779022217
                     -72.690577105977084               3514334114.660478591918945                        0.000000000000000               3514334114.660478591918945
                     -72.549155749739782               3510316073.715909957885742                        0.000000000000000               3510316073.715909957885742
                     -72.407734393502480               3506359727.065259456634521                        0.000000000000000               3506359727.065259456634521
                     -72.266313037265164               3502467057.912593364715576                        0.000000000000000               3502467057.912593364715576
                     -72.124891681027847               3498640099.315205574035645                        0.000000000000000               3498640099.315205574035645
                     -71.983470324790545               3494880914.095528125762939                        0.000000000000000               3494880914.095528125762939
                     -71.842048968553229               3491191575.133887290954590                        0.000000000000000               3491191575.133887290954590
                     -71.700627612315927               3487574146.227106094360352                        0.000000000000000               3487574146.227106094360352
                     -71.559206256078610               3484030663.678810119628906                        0.000000000000000               3484030663.678810119628906
                     -71.417784899841308               3480563118.767741680145264                        0.000000000000000               3480563118.767741680145264
                     -71.276363543603992               3477173441.220561504364014                        0.000000000000000               3477173441.220561504364014
                     -71.134942187366676               3473863483.795872211456299                        0.000000000000000               3473863483.795872211456299
                     -70.993520831129374               3470635008.066754817962646                        0.000000000000000               3470635008.066754817962646
                     -70.852099474892071               3467489671.470201492309570                        0.000000000000000               3467489671.470201492309570
                     -70.710678118654755               3464429015.673552513122559                        0.000000000000000               3464429015.673552513122559
                     -70.569256762417439               3461454456.290771007537842                        0.000000000000000               3461454456.290771007537842
                     -70.427835406180137               3458567273.964991092681885                        0.000000000000000               3458567273.964991092681885
                     -70.286414049942834               3455768606.818628787994385                        0.000000000000000               3455768606.818628787994385
                     -70.144992693705518               3453059444.258291244506836                        0.000000000000000               3453059444.258291244506836
                     -70.003571337468216               3450440622.109079837799072                        0.000000000000000               3450440622.109079837799072
                     -69.862149981230900               3447912819.041430473327637                        0.000000000000000               3447912819.041430473327637
                     -69.720728624993583               3445476554.243651390075684                        0.000000000000000               3445476554.243651390075684
                     -69.579307268756281               3443132186.284559726715088                        0.000000000000000               3443132186.284559726715088
                     -69.437885912518979               3440879913.103299617767334                        0.000000000000000               3440879913.103299617767334
                     -69.296464556281663               3438719773.057316780090332                        0.000000000000000               3438719773.057316780090332
                     -69.155043200044346               3436651646.954660892486572                        0.000000000000000               3436651646.954660892486572
                     -69.013621843807044               3434675260.993154048919678                        0.000000000000000               3434675260.993154048919678
                     -68.872200487569742               3432790190.526439666748047                        0.000000000000000               3432790190.526439666748047
                     -68.730779131332426               3430995864.575526714324951                        0.000000000000000               3430995864.575526714324951
                     -68.589357775095110               3429291571.003905296325684                        0.000000000000000               3429291571.003905296325684
                     -68.447936418857807               3427676462.274763107299805                        0.000000000000000               3427676462.274763107299805
                     -68.306515062620491               3426149561.709997653961182                        0.000000000000000               3426149561.709997653961182
                     -68.165093706383189               3424709770.172656536102295                        0.000000000000000               3424709770.172656536102295
                     -68.023672350145873               3423355873.096938610076904                        0.000000000000000               3423355873.096938610076904
                     -67.882250993908571               3422086547.792969226837158                        0.000000000000000               3422086547.792969226837158
                     -67.740829637671254               3420900370.957042694091797                        0.000000000000000               3420900370.957042694091797
                     -67.599408281433938               3419795826.321889877319336                        0.000000000000000               3419795826.321889877319336
                     -67.457986925196636               3418771312.385684967041016                        0.000000000000000               3418771312.385684967041016
                     -67.316565568959334               3417825150.162849903106689                        0.000000000000000               3417825150.162849903106689
                     -67.175144212722017               3416955590.904194831848145                        0.000000000000000               3416955590.904194831848145
                     -67.033722856484701               3416160823.738544464111328                        0.000000000000000               3416160823.738544464111328
                     -66.892301500247399               3415438983.192558288574219                        0.000000000000000               3415438983.192558288574219
                     -66.750880144010097               3414788156.550032615661621                        0.000000000000000               3414788156.550032615661621
                     -66.609458787772780               3414206391.016466617584229                        0.000000000000000               3414206391.016466617584229
                     -66.468037431535478               3413691700.659045696258545                        0.000000000000000               3413691700.659045696258545
                     -66.326616075298162               3413242073.096419811248779                        0.000000000000000               3413242073.096419811248779
                     -66.185194719060846               3412855475.916716575622559                        0.000000000000000               3412855475.916716575622559
                     -66.043773362823543               3412529862.806071758270264                        0.000000000000000               3412529862.806071758270264
                     -65.902352006586241               3412263179.373603343963623                        0.000000000000000               3412263179.373603343963623
                     -65.760930650348925               3412053368.662153244018555                        0.000000000000000               3412053368.662153244018555
                     -65.619509294111609               3411898376.337294578552246                        0.000000000000000               3411898376.337294578552246
                     -65.478087937874307               3411796155.550012588500977                        0.000000000000000               3411796155.550012588500977
                     -65.336666581637004               3411744671.471149444580078                        0.000000000000000               3411744671.471149444580078
                     -65.195245225399688               3411741905.498108386993408                        0.000000000000000               3411741905.498108386993408
                     -65.053823869162372               3411785859.136523723602295                        0.000000000000000               3411785859.136523723602295
                     -64.912402512925070               3411874557.561513423919678                        0.000000000000000               3411874557.561513423919678
                     -64.770981156687753               3412006052.864869117736816                        0.000000000000000               3412006052.864869117736816
                     -64.629559800450451               3412178426.996016979217529                        0.000000000000000               3412178426.996016979217529
                     -64.488138444213135               3412389794.405873298645020                        0.000000000000000               3412389794.405873298645020
                     -64.346717087975833               3412638304.403779506683350                        0.000000000000000               3412638304.403779506683350
                     -64.205295731738516               3412922143.238641738891602                        0.000000000000000               3412922143.238641738891602
                     -64.063874375501200               3413239535.916059494018555                        0.000000000000000               3413239535.916059494018555
                     -63.922453019263905               3413588747.763851642608643                        0.000000000000000               3413588747.763851642608643
                     -63.781031663026596               3413968085.758746147155762                        0.000000000000000               3413968085.758746147155762
                     -63.639610306789280               3414375899.627314090728760                        0.000000000000000               3414375899.627314090728760
                     -63.498188950551970               3414810582.734365940093994                        0.000000000000000               3414810582.734365940093994
                     -63.356767594314661               3415270572.772049427032471                        0.000000000000000               3415270572.772049427032471
                     -63.215346238077359               3415754352.262905120849609                        0.000000000000000               3415754352.262905120849609
                     -63.073924881840043               3416260448.889880657196045                        0.000000000000000               3416260448.889880657196045
                     -62.932503525602733               3416787435.666207790374756                        0.000000000000000               3416787435.666207790374756
                     -62.791082169365424               3417333930.957663059234619                        0.000000000000000               3417333930.957663059234619
                     -62.649660813128108               3417898598.369451045989990                        0.000000000000000               3417898598.369451045989990
                     -62.508239456890813               3418480146.509530544281006                        0.000000000000000               3418480146.509530544281006
                     -62.366818100653497               3419077328.639805793762207                        0.000000000000000               3419077328.639805793762207
                     -62.225396744416187               3419688942.226100921630859                        0.000000000000000               3419688942.226100921630859
                     -62.083975388178878               3420313828.397399902343750                        0.000000000000000               3420313828.397399902343750
                     -61.942554031941562               3420950871.324306964874268                        0.000000000000000               3420950871.324306964874268
                     -61.801132675704260               3421598997.526165485382080                        0.000000000000000               3421598997.526165485382080
                     -61.659711319466950               3422257175.115773677825928                        0.000000000000000               3422257175.115773677825928
                     -61.518289963229641               3422924412.990077018737793                        0.000000000000000               3422924412.990077018737793
                     -61.376868606992325               3423599759.974738597869873                        0.000000000000000               3423599759.974738597869873
                     -61.235447250755016               3424282303.929932594299316                        0.000000000000000               3424282303.929932594299316
                     -61.094025894517713               3424971170.824215412139893                        0.000000000000000               3424971170.824215412139893
                     -60.952604538280404               3425665523.782830238342285                        0.000000000000000               3425665523.782830238342285
                     -60.811183182043088               3426364562.116304397583008                        0.000000000000000               3426364562.116304397583008
                     -60.669761825805779               3427067520.334744453430176                        0.000000000000000               3427067520.334744453430176
                     -60.528340469568469               3427773667.152757167816162                        0.000000000000000               3427773667.152757167816162
                     -60.386919113331167               3428482304.489511966705322                        0.000000000000000               3428482304.489511966705322
                     -60.245497757093858               3429192766.468030452728271                        0.000000000000000               3429192766.468030452728271
                     -60.104076400856542               3429904418.417375087738037                        0.000000000000000               3429904418.417375087738037
                     -59.962655044619233               3430616655.881062030792236                        0.000000000000000               3430616655.881062030792236
                     -59.821233688381923               3431328903.634639263153076                        0.000000000000000               3431328903.634639263153076
                     -59.679812332144621               3432040614.715038299560547                        0.000000000000000               3432040614.715038299560547
                     -59.538390975907305               3432751269.463994026184082                        0.000000000000000               3432751269.463994026184082
                     -59.396969619669996               3433460374.587528705596924                        0.000000000000000               3433460374.587528705596924
                     -59.255548263432686               3434167462.233207225799561                        0.000000000000000               3434167462.233207225799561
                     -59.114126907195370               3434872089.086622238159180                        0.000000000000000               3434872089.086622238159180
                     -58.972705550958075               3435573835.488329887390137                        0.000000000000000               3435573835.488329887390137
                     -58.831284194720759               3436272304.572208881378174                        0.000000000000000               3436272304.572208881378174
                     -58.689862838483450               3436967121.426064491271973                        0.000000000000000               3436967121.426064491271973
                     -58.548441482246140               3437657932.275041103363037                        0.000000000000000               3437657932.275041103363037
                     -58.407020126008824               3438344403.688294410705566                        0.000000000000000               3438344403.688294410705566
                     -58.265598769771522               3439026221.809200286865234                        0.000000000000000               3439026221.809200286865234
                     -58.124177413534213               3439703091.609212398529053                        0.000000000000000               3439703091.609212398529053
                     -57.982756057296903               3440374736.165400981903076                        0.000000000000000               3440374736.165400981903076
                     -57.841334701059587               3441040895.961548328399658                        0.000000000000000               3441040895.961548328399658
                     -57.699913344822278               3441701328.212604045867920                        0.000000000000000               3441701328.212604045867920
                     -57.558491988584976               3442355806.212206363677979                        0.000000000000000               3442355806.212206363677979
                     -57.417070632347667               3443004118.702884674072266                        0.000000000000000               3443004118.702884674072266
                     -57.275649276110350               3443646069.268525123596191                        0.000000000000000               3443646069.268525123596191
                     -57.134227919873041               3444281475.748581409454346                        0.000000000000000               3444281475.748581409454346
                     -56.992806563635732               3444910169.673511505126953                        0.000000000000000               3444910169.673511505126953
                     -56.851385207398430               3445531995.720820426940918                        0.000000000000000               3445531995.720820426940918
                     -56.709963851161120               3446146811.191135406494141                        0.000000000000000               3446146811.191135406494141
                     -56.568542494923804               3446754485.503633022308350                        0.000000000000000               3446754485.503633022308350
                     -56.427121138686495               3447354899.710192680358887                        0.000000000000000               3447354899.710192680358887
                     -56.285699782449186               3447947946.027566909790039                        0.000000000000000               3447947946.027566909790039
                     -56.144278426211883               3448533527.386923789978027                        0.000000000000000               3448533527.386923789978027
                     -56.002857069974567               3449111557.000052928924561                        0.000000000000000               3449111557.000052928924561
                     -55.861435713737258               3449681957.941568374633789                        0.000000000000000               3449681957.941568374633789
                     -55.720014357499949               3450244662.746423721313477                        0.000000000000000               3450244662.746423721313477
                     -55.578593001262632               3450799613.022075176239014                        0.000000000000000               3450799613.022075176239014
                     -55.437171645025330               3451346759.074640274047852                        0.000000000000000               3451346759.074640274047852
                     -55.295750288788021               3451886059.548415660858154                        0.000000000000000               3451886059.548415660858154
                     -55.154328932550712               3452417481.078111171722412                        0.000000000000000               3452417481.078111171722412
                     -55.012907576313403               3452940997.953225135803223                        0.000000000000000               3452940997.953225135803223
                     -54.871486220076086               3453456591.793949604034424                        0.000000000000000               3453456591.793949604034424
                     -54.730064863838784               3453964251.238057613372803                        0.000000000000000               3453964251.238057613372803
                     -54.588643507601475               3454463971.638230323791504                        0.000000000000000               3454463971.638230323791504
                     -54.447222151364166               3454955754.769304275512695                        0.000000000000000               3454955754.769304275512695
                     -54.305800795126849               3455439608.544944286346436                        0.000000000000000               3455439608.544944286346436
                     -54.164379438889540               3455915546.743286132812500                        0.000000000000000               3455915546.743286132812500
                     -54.022958082652238               3456383588.741087913513184                        0.000000000000000               3456383588.741087913513184
                     -53.881536726414929               3456843759.255982875823975                        0.000000000000000               3456843759.255982875823975
                     -53.740115370177612               3457296088.096435070037842                        0.000000000000000               3457296088.096435070037842
                     -53.598694013940303               3457740609.919035911560059                        0.000000000000000               3457740609.919035911560059
                     -53.457272657702994               3458177363.992770195007324                        0.000000000000000               3458177363.992770195007324
                     -53.315851301465692               3458606393.969967365264893                        0.000000000000000               3458606393.969967365264893
                     -53.174429945228383               3459027747.663595676422119                        0.000000000000000               3459027747.663595676422119
                     -53.033008588991066               3459441476.830646991729736                        0.000000000000000               3459441476.830646991729736
                     -52.891587232753757               3459847636.961345672607422                        0.000000000000000               3459847636.961345672607422
                     -52.750165876516448               3460246287.073942184448242                        0.000000000000000               3460246287.073942184448242
                     -52.608744520279146               3460637489.514880657196045                        0.000000000000000               3460637489.514880657196045
                     -52.467323164041829               3461021309.764122486114502                        0.000000000000000               3461021309.764122486114502
                     -52.325901807804520               3461397816.245463848114014                        0.000000000000000               3461397816.245463848114014
                     -52.184480451567211               3461767080.141673088073730                        0.000000000000000               3461767080.141673088073730
                     -52.043059095329895               3462129175.214291095733643                        0.000000000000000               3462129175.214291095733643
                     -51.901637739092592               3462484177.627964496612549                        0.000000000000000               3462484177.627964496612549
                     -51.760216382855283               3462832165.779193878173828                        0.000000000000000               3462832165.779193878173828
                     -51.618795026617974               3463173220.129374980926514                        0.000000000000000               3463173220.129374980926514
                     -51.477373670380665               3463507423.042045593261719                        0.000000000000000               3463507423.042045593261719
                     -51.335952314143348               3463834858.624247550964355                        0.000000000000000               3463834858.624247550964355
                     -51.194530957906046               3464155612.571914672851562                        0.000000000000000               3464155612.571914672851562
                     -51.053109601668737               3464469772.019237041473389                        0.000000000000000               3464469772.019237041473389
                     -50.911688245431428               3464777425.391925334930420                        0.000000000000000               3464777425.391925334930420
                     -50.770266889194112               3465078662.264323711395264                        0.000000000000000               3465078662.264323711395264
                     -50.628845532956802               3465373573.220328330993652                        0.000000000000000               3465373573.220328330993652
                     -50.487424176719500               3465662249.718054294586182                        0.000000000000000               3465662249.718054294586182
                     -50.346002820482191               3465944783.958235740661621                        0.000000000000000               3465944783.958235740661621
                     -50.204581464244875               3466221268.756296634674072                        0.000000000000000               3466221268.756296634674072
                     -50.063160108007565               3466491797.418088436126709                        0.000000000000000               3466491797.418088436126709
                     -49.921738751770256               3466756463.619239807128906                        0.000000000000000               3466756463.619239807128906
                     -49.780317395532954               3467015361.288108348846436                        0.000000000000000               3467015361.288108348846436
                     -49.638896039295645               3467268584.492309570312500                        0.000000000000000               3467268584.492309570312500
                     -49.497474683058329               3467516227.328779697418213                        0.000000000000000               3467516227.328779697418213
                     -49.356053326821019               3467758383.817371368408203                        0.000000000000000               3467758383.817371368408203
                     -49.214631970583710               3467995147.797937393188477                        0.000000000000000               3467995147.797937393188477
                     -49.073210614346408               3468226612.830893516540527                        0.000000000000000               3468226612.830893516540527
                     -48.931789258109092               3468452872.101220607757568                        0.000000000000000               3468452872.101220607757568
                     -48.790367901871782               3468674018.325886249542236                        0.000000000000000               3468674018.325886249542236
                     -48.648946545634473               3468890143.664655685424805                        0.000000000000000               3468890143.664655685424805
                     -48.507525189397157               3469101339.634259223937988                        0.000000000000000               3469101339.634259223937988
                     -48.366103833159855               3469307697.025884151458740                        0.000000000000000               3469307697.025884151458740
                     -48.224682476922546               3469509305.825957775115967                        0.000000000000000               3469509305.825957775115967
                     -48.083261120685236               3469706255.140180110931396                        0.000000000000000               3469706255.140180110931396
                     -47.941839764447920               3469898633.120771408081055                        0.000000000000000               3469898633.120771408081055
                     -47.800418408210611               3470086526.896887779235840                        0.000000000000000               3470086526.896887779235840
                     -47.658997051973309               3470270022.508161544799805                        0.000000000000000               3470270022.508161544799805
                     -47.517575695735999               3470449204.841315746307373                        0.000000000000000               3470449204.841315746307373
                     -47.376154339498690               3470624157.569807052612305                        0.000000000000000               3470624157.569807052612305
                     -47.234732983261374               3470794963.096436023712158                        0.000000000000000               3470794963.096436023712158
                     -47.093311627024065               3470961702.498879432678223                        0.000000000000000               3470961702.498879432678223
                     -46.951890270786762               3471124455.478071689605713                        0.000000000000000               3471124455.478071689605713
                     -46.810468914549453               3471283300.309387207031250                        0.000000000000000               3471283300.309387207031250
                     -46.669047558312137               3471438313.796548366546631                        0.000000000000000               3471438313.796548366546631
                     -46.527626202074828               3471589571.228199958801270                        0.000000000000000               3471589571.228199958801270
                     -46.386204845837518               3471737146.337079524993896                        0.000000000000000               3471737146.337079524993896
                     -46.244783489600216               3471881111.261706352233887                        0.000000000000000               3471881111.261706352233887
                     -46.103362133362907               3472021536.510523319244385                        0.000000000000000               3472021536.510523319244385
                     -45.961940777125591               3472158490.928415775299072                        0.000000000000000               3472158490.928415775299072
                     -45.820519420888282               3472292041.665517807006836                        0.000000000000000               3472292041.665517807006836
                     -45.679098064650972               3472422254.148246288299561                        0.000000000000000               3472422254.148246288299561
                     -45.537676708413670               3472549192.052467346191406                        0.000000000000000               3472549192.052467346191406
                     -45.396255352176354               3472672917.278713703155518                        0.000000000000000               3472672917.278713703155518
                     -45.254833995939045               3472793489.929378509521484                        0.000000000000000               3472793489.929378509521484
                     -45.113412639701735               3472910968.287788391113281                        0.000000000000000               3472910968.287788391113281
                     -44.971991283464426               3473025408.799087047576904                        0.000000000000000               3473025408.799087047576904
                     -44.830569927227117               3473136866.052818775177002                        0.000000000000000               3473136866.052818775177002
                     -44.689148570989808               3473245392.767153263092041                        0.000000000000000               3473245392.767153263092041
                     -44.547727214752499               3473351039.774636268615723                        0.000000000000000               3473351039.774636268615723
                     -44.406305858515182               3473453856.009400844573975                        0.000000000000000               3473453856.009400844573975
                     -44.264884502277880               3473553888.495731353759766                        0.000000000000000               3473553888.495731353759766
                     -44.123463146040571               3473651182.337911605834961                        0.000000000000000               3473651182.337911605834961
                     -43.982041789803262               3473745780.711252212524414                        0.000000000000000               3473745780.711252212524414
                     -43.840620433565952               3473837724.854211807250977                        0.000000000000000               3473837724.854211807250977
                     -43.699199077328636               3473927054.061540603637695                        0.000000000000000               3473927054.061540603637695
                     -43.557777721091334               3474013805.678327083587646                        0.000000000000000               3474013805.678327083587646
                     -43.416356364854018               3474098015.094896316528320                        0.000000000000000               3474098015.094896316528320
                     -43.274935008616715               3474179715.742446899414062                        0.000000000000000               3474179715.742446899414062
                     -43.133513652379399               3474258939.089354991912842                        0.000000000000000               3474258939.089354991912842
                     -42.992092296142090               3474335714.638051509857178                        0.000000000000000               3474335714.638051509857178
                     -42.850670939904781               3474410069.922400951385498                        0.000000000000000               3474410069.922400951385498
                     -42.709249583667471               3474482030.505484104156494                        0.000000000000000               3474482030.505484104156494
                     -42.567828227430169               3474551619.977712154388428                        0.000000000000000               3474551619.977712154388428
                     -42.426406871192853               3474618859.955193519592285                        0.000000000000000               3474618859.955193519592285
                     -42.284985514955544               3474683770.078266143798828                        0.000000000000000               3474683770.078266143798828
                     -42.143564158718235               3474746368.010116577148438                        0.000000000000000               3474746368.010116577148438
                     -42.002142802480925               3474806669.435422897338867                        0.000000000000000               3474806669.435422897338867
                     -41.860721446243616               3474864688.058923244476318                        0.000000000000000               3474864688.058923244476318
                     -41.719300090006307               3474920435.603863716125488                        0.000000000000000               3474920435.603863716125488
                     -41.577878733768998               3474973921.810218334197998                        0.000000000000000               3474973921.810218334197998
                     -41.436457377531688               3475025154.432641983032227                        0.000000000000000               3475025154.432641983032227
                     -41.295036021294379               3475074139.238066673278809                        0.000000000000000               3475074139.238066673278809
                     -41.153614665057070               3475120880.002878189086914                        0.000000000000000               3475120880.002878189086914
                     -41.012193308819761               3475165378.509600162506104                        0.000000000000000               3475165378.509600162506104
                     -40.870771952582444               3475207634.543035984039307                        0.000000000000000               3475207634.543035984039307
                     -40.729350596345142               3475247645.885779380798340                        0.000000000000000               3475247645.885779380798340
                     -40.587929240107833               3475285408.313044548034668                        0.000000000000000               3475285408.313044548034668
                     -40.446507883870524               3475320915.586763381958008                        0.000000000000000               3475320915.586763381958008
                     -40.305086527633215               3475354159.448860645294189                        0.000000000000000               3475354159.448860645294189
                     -40.163665171395898               3475385129.613675594329834                        0.000000000000000               3475385129.613675594329834
                     -40.022243815158596               3475413813.759455680847168                        0.000000000000000               3475413813.759455680847168
                     -39.880822458921280               3475440197.518870830535889                        0.000000000000000               3475440197.518870830535889
                     -39.739401102683978               3475464264.468490123748779                        0.000000000000000               3475464264.468490123748779
                     -39.597979746446661               3475485996.117167472839355                        0.000000000000000               3475485996.117167472839355
                     -39.456558390209352               3475505371.893279552459717                        0.000000000000000               3475505371.893279552459717
                     -39.315137033972043               3475522369.130768775939941                        0.000000000000000               3475522369.130768775939941
                     -39.173715677734734               3475536963.053932189941406                        0.000000000000000               3475536963.053932189941406
                     -39.032294321497425               3475549126.760905265808105                        0.000000000000000               3475549126.760905265808105
                     -38.890872965260115               3475558831.205801963806152                        0.000000000000000               3475558831.205801963806152
                     -38.749451609022806               3475566045.179443836212158                        0.000000000000000               3475566045.179443836212158
                     -38.608030252785497               3475570735.288643836975098                        0.000000000000000               3475570735.288643836975098
                     -38.466608896548188               3475572865.933985233306885                        0.000000000000000               3475572865.933985233306885
                     -38.325187540310878               3475572399.286059379577637                        0.000000000000000               3475572399.286059379577637
                     -38.183766184073569               3475569295.260104179382324                        0.000000000000000               3475569295.260104179382324
                     -38.042344827836260               3475563511.489003181457520                        0.000000000000000               3475563511.489003181457520
                     -37.900923471598951               3475555003.294591426849365                        0.000000000000000               3475555003.294591426849365
                     -37.759502115361641               3475543723.657238960266113                        0.000000000000000               3475543723.657238960266113
                     -37.618080759124332               3475529623.183640003204346                        0.000000000000000               3475529623.183640003204346
                     -37.476659402887023               3475512650.072788715362549                        0.000000000000000               3475512650.072788715362549
                     -37.335238046649707               3475492750.080069541931152                        0.000000000000000               3475492750.080069541931152
                     -37.193816690412405               3475469866.479444503784180                        0.000000000000000               3475469866.479444503784180
                     -37.052395334175095               3475443940.023665428161621                        0.000000000000000               3475443940.023665428161621
                     -36.910973977937786               3475414908.902481555938721                        0.000000000000000               3475414908.902481555938721
                     -36.769552621700477               3475382708.698791980743408                        0.000000000000000               3475382708.698791980743408
                     -36.628131265463161               3475347272.342697620391846                        0.000000000000000               3475347272.342697620391846
                     -36.486709909225858               3475308530.063403606414795                        0.000000000000000               3475308530.063403606414795
                     -36.345288552988542               3475266409.338920593261719                        0.000000000000000               3475266409.338920593261719
                     -36.203867196751240               3475220834.843532085418701                        0.000000000000000               3475220834.843532085418701
                     -36.062445840513924               3475171728.392970085144043                        0.000000000000000               3475171728.392970085144043
                     -35.921024484276614               3475119008.887251377105713                        0.000000000000000               3475119008.887251377105713
                     -35.779603128039305               3475062592.251112937927246                        0.000000000000000               3475062592.251112937927246
                     -35.638181771801996               3475002391.372030735015869                        0.000000000000000               3475002391.372030735015869
                     -35.496760415564687               3474938316.035742759704590                        0.000000000000000               3474938316.035742759704590
                     -35.355339059327378               3474870272.859221458435059                        0.000000000000000               3474870272.859221458435059
                     -35.213917703090068               3474798165.221073627471924                        0.000000000000000               3474798165.221073627471924
                     -35.072496346852759               3474721893.189281940460205                        0.000000000000000               3474721893.189281940460205
                     -34.931074990615450               3474641353.446254730224609                        0.000000000000000               3474641353.446254730224609
                     -34.789653634378141               3474556439.211129665374756                        0.000000000000000               3474556439.211129665374756
                     -34.648232278140831               3474467040.159256935119629                        0.000000000000000               3474467040.159256935119629
                     -34.506810921903522               3474373042.338830471038818                        0.000000000000000               3474373042.338830471038818
                     -34.365389565666213               3474274328.084587574005127                        0.000000000000000               3474274328.084587574005127
                     -34.223968209428904               3474170775.928540229797363                        0.000000000000000               3474170775.928540229797363
                     -34.082546853191594               3474062260.507650852203369                        0.000000000000000               3474062260.507650852203369
                     -33.941125496954285               3473948652.468421936035156                        0.000000000000000               3473948652.468421936035156
                     -33.799704140716969               3473829818.368310451507568                        0.000000000000000               3473829818.368310451507568
                     -33.658282784479667               3473705620.573924064636230                        0.000000000000000               3473705620.573924064636230
                     -33.516861428242350               3473575917.155926704406738                        0.000000000000000               3473575917.155926704406738
                     -33.375440072005048               3473440561.780579566955566                        0.000000000000000               3473440561.780579566955566
                     -33.234018715767739               3473299403.597865104675293                        0.000000000000000               3473299403.597865104675293
                     -33.092597359530423               3473152287.126124382019043                        0.000000000000000               3473152287.126124382019043
                     -32.951176003293121               3472999052.133126258850098                        0.000000000000000               3472999052.133126258850098
                     -32.809754647055804               3472839533.513503551483154                        0.000000000000000               3472839533.513503551483154
                     -32.668333290818502               3472673561.162500858306885                        0.000000000000000               3472673561.162500858306885
                     -32.526911934581186               3472500959.845932960510254                        0.000000000000000               3472500959.845932960510254
                     -32.385490578343877               3472321549.066299915313721                        0.000000000000000               3472321549.066299915313721
                     -32.244069222106567               3472135142.924982547760010                        0.000000000000000               3472135142.924982547760010
                     -32.102647865869258               3471941549.980426311492920                        0.000000000000000               3471941549.980426311492920
                     -31.961226509631953               3471740573.102261543273926                        0.000000000000000               3471740573.102261543273926
                     -31.819805153394640               3471532009.321259498596191                        0.000000000000000               3471532009.321259498596191
                     -31.678383797157331               3471315649.675055027008057                        0.000000000000000               3471315649.675055027008057
                     -31.536962440920021               3471091279.049556255340576                        0.000000000000000               3471091279.049556255340576
                     -31.395541084682712               3470858676.015958309173584                        0.000000000000000               3470858676.015958309173584
                     -31.254119728445406               3470617612.663280487060547                        0.000000000000000               3470617612.663280487060547
                     -31.112698372208094               3470367854.426342487335205                        0.000000000000000               3470367854.426342487335205
                     -30.971277015970781               3470109159.909096240997314                        0.000000000000000               3470109159.909096240997314
                     -30.829855659733475               3469841280.703237056732178                        0.000000000000000               3469841280.703237056732178
                     -30.688434303496162               3469563961.202001571655273                        0.000000000000000               3469563961.202001571655273
                     -30.547012947258857               3469276938.409071445465088                        0.000000000000000               3469276938.409071445465088
                     -30.405591591021544               3468979941.742501258850098                        0.000000000000000               3468979941.742501258850098
                     -30.264170234784235               3468672692.833580493927002                        0.000000000000000               3468672692.833580493927002
                     -30.122748878546929               3468354905.320555210113525                        0.000000000000000               3468354905.320555210113525
                     -29.981327522309616               3468026284.637111186981201                        0.000000000000000               3468026284.637111186981201
                     -29.839906166072311               3467686527.795553207397461                        0.000000000000000               3467686527.795553207397461
                     -29.698484809834998               3467335323.164579868316650                        0.000000000000000               3467335323.164579868316650
                     -29.557063453597685               3466972350.241586208343506                        0.000000000000000               3466972350.241586208343506
                     -29.415642097360379               3466597279.419406890869141                        0.000000000000000               3466597279.419406890869141
                     -29.274220741123070               3466209771.747421264648438                        0.000000000000000               3466209771.747421264648438
                     -29.132799384885761               3465809478.686947345733643                        0.000000000000000               3465809478.686947345733643
                     -28.991378028648452               3465396041.860838413238525                        0.000000000000000               3465396041.860838413238525
                     -28.849956672411139               3464969092.797220706939697                        0.000000000000000               3464969092.797220706939697
                     -28.708535316173833               3464528252.667302131652832                        0.000000000000000               3464528252.667302131652832
                     -28.567113959936520               3464073132.017163753509521                        0.000000000000000               3464073132.017163753509521
                     -28.425692603699215               3463603330.493497371673584                        0.000000000000000               3463603330.493497371673584
                     -28.284271247461902               3463118436.563207626342773                        0.000000000000000               3463118436.563207626342773
                     -28.142849891224593               3462618027.226825714111328                        0.000000000000000               3462618027.226825714111328
                     -28.001428534987284               3462101667.725693225860596                        0.000000000000000               3462101667.725693225860596
                     -27.860007178749974               3461568911.242848873138428                        0.000000000000000               3461568911.242848873138428
                     -27.718585822512665               3461019298.597586631774902                        0.000000000000000               3461019298.597586631774902
                     -27.577164466275356               3460452357.933654308319092                        0.000000000000000               3460452357.933654308319092
                     -27.435743110038043               3459867604.401047706604004                        0.000000000000000               3459867604.401047706604004
                     -27.294321753800737               3459264539.831385612487793                        0.000000000000000               3459264539.831385612487793
                     -27.152900397563425               3458642652.406847953796387                        0.000000000000000               3458642652.406847953796387
                     -27.011479041326119               3458001416.322668075561523                        0.000000000000000               3458001416.322668075561523
                     -26.870057685088806               3457340291.443184852600098                        0.000000000000000               3457340291.443184852600098
                     -26.728636328851497               3456658722.951456546783447                        0.000000000000000               3456658722.951456546783447
                     -26.587214972614191               3455956140.992467880249023                        0.000000000000000               3455956140.992467880249023
                     -26.445793616376879               3455231960.309955120086670                        0.000000000000000               3455231960.309955120086670
                     -26.304372260139573               3454485579.876887798309326                        0.000000000000000               3454485579.876887798309326
                     -26.162950903902260               3453716382.519685268402100                        0.000000000000000               3453716382.519685268402100
                     -26.021529547664947               3452923734.536211490631104                        0.000000000000000               3452923734.536211490631104
                     -25.880108191427642               3452106985.307650566101074                        0.000000000000000               3452106985.307650566101074
                     -25.738686835190332               3451265466.904360771179199                        0.000000000000000               3451265466.904360771179199
                     -25.597265478953023               3450398493.685816287994385                        0.000000000000000               3450398493.685816287994385
                     -25.455844122715714               3449505361.894786357879639                        0.000000000000000               3449505361.894786357879639
                     -25.314422766478401               3448585349.245887756347656                        0.000000000000000               3448585349.245887756347656
                     -25.173001410241095               3447637714.508702278137207                        0.000000000000000               3447637714.508702278137207
                     -25.031580054003783               3446661697.085642814636230                        0.000000000000000               3446661697.085642814636230
                     -24.890158697766477               3445656516.584783554077148                        0.000000000000000               3445656516.584783554077148
                     -24.748737341529164               3444621372.387913227081299                        0.000000000000000               3444621372.387913227081299
                     -24.607315985291855               3443555443.214058876037598                        0.000000000000000               3443555443.214058876037598
                     -24.465894629054546               3442457886.678785324096680                        0.000000000000000               3442457886.678785324096680
                     -24.324473272817237               3441327838.849586009979248                        0.000000000000000               3441327838.849586009979248
                     -24.183051916579927               3440164413.797723770141602                        0.000000000000000               3440164413.797723770141602
                     -24.041630560342618               3438966703.146901607513428                        0.000000000000000               3438966703.146901607513428
                     -23.900209204105305               3437733775.619178295135498                        0.000000000000000               3437733775.619178295135498
                     -23.758787847868000               3436464676.578574657440186                        0.000000000000000               3436464676.578574657440186
                     -23.617366491630687               3435158427.572873592376709                        0.000000000000000               3435158427.572873592376709
                     -23.475945135393381               3433814025.874129295349121                        0.000000000000000               3433814025.874129295349121
                     -23.334523779156068               3432430444.018440723419189                        0.000000000000000               3432430444.018440723419189
                     -23.193102422918759               3431006629.345622539520264                        0.000000000000000               3431006629.345622539520264
                     -23.051681066681454               3429541503.539405345916748                        0.000000000000000               3429541503.539405345916748
                     -22.910259710444141               3428033962.168862819671631                        0.000000000000000               3428033962.168862819671631
                     -22.768838354206835               3426482874.231823444366455                        0.000000000000000               3426482874.231823444366455
                     -22.627416997969522               3424887081.701056003570557                        0.000000000000000               3424887081.701056003570557
                     -22.485995641732213               3423245399.074068069458008                        0.000000000000000               3423245399.074068069458008
                     -22.344574285494904               3421556612.927432060241699                        0.000000000000000               3421556612.927432060241699
                     -22.203152929257591               3419819481.476584434509277                        0.000000000000000               3419819481.476584434509277
                     -22.061731573020285               3418032734.142118453979492                        0.000000000000000               3418032734.142118453979492
                     -21.920310216782976               3416195071.123651027679443                        0.000000000000000               3416195071.123651027679443
                     -21.778888860545667               3414305162.982380390167236                        0.000000000000000               3414305162.982380390167236
                     -21.637467504308358               3412361650.233572959899902                        0.000000000000000               3412361650.233572959899902
                     -21.496046148071045               3410363142.950203895568848                        0.000000000000000               3410363142.950203895568848
                     -21.354624791833736               3408308220.379122734069824                        0.000000000000000               3408308220.379122734069824
                     -21.213203435596427               3406195430.571128845214844                        0.000000000000000               3406195430.571128845214844
                     -21.071782079359117               3404023290.026443481445312                        0.000000000000000               3404023290.026443481445312
                     -20.930360723121808               3401790283.357137203216553                        0.000000000000000               3401790283.357137203216553
                     -20.788939366884499               3399494862.968115329742432                        0.000000000000000               3399494862.968115329742432
                     -20.647518010647190               3397135448.758389949798584                        0.000000000000000               3397135448.758389949798584
                     -20.506096654409880               3394710427.844411849975586                        0.000000000000000               3394710427.844411849975586
                     -20.364675298172571               3392218154.307313442230225                        0.000000000000000               3392218154.307313442230225
                     -20.223253941935262               3389656948.966023445129395                        0.000000000000000               3389656948.966023445129395
                     -20.081832585697949               3387025099.178244590759277                        0.000000000000000               3387025099.178244590759277
                     -19.940411229460640               3384320858.671436309814453                        0.000000000000000               3384320858.671436309814453
                     -19.798989873223331               3381542447.405955791473389                        0.000000000000000               3381542447.405955791473389
                     -19.657568516986021               3378688051.472631454467773                        0.000000000000000               3378688051.472631454467773
                     -19.516147160748712               3375755823.027134895324707                        0.000000000000000               3375755823.027134895324707
                     -19.374725804511403               3372743880.263554096221924                        0.000000000000000               3372743880.263554096221924
                     -19.233304448274094               3369650307.429696083068848                        0.000000000000000               3369650307.429696083068848
                     -19.091883092036785               3366473154.886695861816406                        0.000000000000000               3366473154.886695861816406
                     -18.950461735799475               3363210439.215601921081543                        0.000000000000000               3363210439.215601921081543
                     -18.809040379562166               3359860143.373663425445557                        0.000000000000000               3359860143.373663425445557
                     -18.667619023324853               3356420216.903150558471680                        0.000000000000000               3356420216.903150558471680
                     -18.526197667087548               3352888576.195553302764893                        0.000000000000000               3352888576.195553302764893
                     -18.384776310850238               3349263104.814123153686523                        0.000000000000000               3349263104.814123153686523
                     -18.243354954612929               3345541653.877746105194092                        0.000000000000000               3345541653.877746105194092
                     -18.101933598375620               3341722042.509197711944580                        0.000000000000000               3341722042.509197711944580
                     -17.960512242138307               3337802058.350871086120605                        0.000000000000000               3337802058.350871086120605
                     -17.819090885900998               3333779458.151146411895752                        0.000000000000000               3333779458.151146411895752
                     -17.677669529663689               3329651968.424535751342773                        0.000000000000000               3329651968.424535751342773
                     -17.536248173426380               3325417286.188826560974121                        0.000000000000000               3325417286.188826560974121
                     -17.394826817189070               3321073079.782427787780762                        0.000000000000000               3321073079.782427787780762
                     -17.253405460951761               3316616989.765135765075684                        0.000000000000000               3316616989.765135765075684
                     -17.111984104714452               3312046629.905530929565430                        0.000000000000000               3312046629.905530929565430
                     -16.970562748477143               3307359588.258202075958252                        0.000000000000000               3307359588.258202075958252
                     -16.829141392239833               3302553428.333958625793457                        0.000000000000000               3302553428.333958625793457
                     -16.687720036002524               3297625690.366151332855225                        0.000000000000000               3297625690.366151332855225
                     -16.546298679765211               3292573892.676157474517822                        0.000000000000000               3292573892.676157474517822
                     -16.404877323527902               3287395533.141020298004150                        0.000000000000000               3287395533.141020298004150
                     -16.263455967290593               3282088090.766125679016113                        0.000000000000000               3282088090.766125679016113
                     -16.122034611053284               3276649027.365711688995361                        0.000000000000000               3276649027.365711688995361
                     -15.980613254815976               3271075789.353841304779053                        0.000000000000000               3271075789.353841304779053
                     -15.839191898578665               3265365809.648377895355225                        0.000000000000000               3265365809.648377895355225
                     -15.697770542341356               3259516509.690254211425781                        0.000000000000000               3259516509.690254211425781
                     -15.556349186104047               3253525301.580227851867676                        0.000000000000000               3253525301.580227851867676
                     -15.414927829866738               3247389590.335019111633301                        0.000000000000000               3247389590.335019111633301
                     -15.273506473629428               3241106776.264543056488037                        0.000000000000000               3241106776.264543056488037
                     -15.132085117392117               3234674257.471673965454102                        0.000000000000000               3234674257.471673965454102
                     -14.990663761154808               3228089432.475686073303223                        0.000000000000000               3228089432.475686073303223
                     -14.849242404917499               3221349702.960224628448486                        0.000000000000000               3221349702.960224628448486
                     -14.707821048680190               3214452476.646311759948730                        0.000000000000000               3214452476.646311759948730
                     -14.566399692442880               3207395170.290527343750000                        0.000000000000000               3207395170.290527343750000
                     -14.424978336205569               3200175212.808156490325928                        0.000000000000000               3200175212.808156490325928
                     -14.283556979968260               3192790048.520629882812500                        0.000000000000000               3192790048.520629882812500
                     -14.142135623730951               3185237140.526181697845459                        0.000000000000000               3185237140.526181697845459
                     -14.000714267493642               3177513974.192198753356934                        0.000000000000000               3177513974.192198753356934
                     -13.859292911256333               3169618060.767217636108398                        0.000000000000000               3169618060.767217636108398
                     -13.717871555019022               3161546941.110031127929688                        0.000000000000000               3161546941.110031127929688
                     -13.576450198781712               3153298189.532848834991455                        0.000000000000000               3153298189.532848834991455
                     -13.435028842544403               3144869417.754880905151367                        0.000000000000000               3144869417.754880905151367
                     -13.293607486307096               3136258278.962165832519531                        0.000000000000000               3136258278.962165832519531
                     -13.152186130069786               3127462471.968835830688477                        0.000000000000000               3127462471.968835830688477
                     -13.010764773832474               3118479745.474470138549805                        0.000000000000000               3118479745.474470138549805
                     -12.869343417595166               3109307902.411494731903076                        0.000000000000000               3109307902.411494731903076
                     -12.727922061357857               3099944804.376011848449707                        0.000000000000000               3099944804.376011848449707
                     -12.586500705120548               3090388376.134777545928955                        0.000000000000000               3090388376.134777545928955
                     -12.445079348883239               3080636610.200405120849609                        0.000000000000000               3080636610.200405120849609
                     -12.303657992645928               3070687571.466241359710693                        0.000000000000000               3070687571.466241359710693
                     -12.162236636408618               3060539401.891693115234375                        0.000000000000000               3060539401.891693115234375
                     -12.020815280171309               3050190325.228172779083252                        0.000000000000000               3050190325.228172779083252
                     -11.879393923934000               3039638651.775177955627441                        0.000000000000000               3039638651.775177955627441
                     -11.737972567696691               3028882783.155420780181885                        0.000000000000000               3028882783.155420780181885
                     -11.596551211459380               3017921217.097320556640625                        0.000000000000000               3017921217.097320556640625
                     -11.455129855222070               3006752552.212610721588135                        0.000000000000000               3006752552.212610721588135
                     -11.313708498984761               2995375492.756247043609619                        0.000000000000000               2995375492.756247043609619
                     -11.172287142747452               2983788853.355299949645996                        0.000000000000000               2983788853.355299949645996
                     -11.030865786510143               2971991563.693050861358643                        0.000000000000000               2971991563.693050861358643
                     -10.889444430272833               2959982673.134062767028809                        0.000000000000000               2959982673.134062767028809
                     -10.748023074035522               2947761355.275607109069824                        0.000000000000000               2947761355.275607109069824
                     -10.606601717798213               2935326912.410499095916748                        0.000000000000000               2935326912.410499095916748
                     -10.465180361560904               2922678779.886139392852783                        0.000000000000000               2922678779.886139392852783
                     -10.323759005323595               2909816530.344286918640137                        0.000000000000000               2909816530.344286918640137
                     -10.182337649086286               2896739877.825992107391357                        0.000000000000000               2896739877.825992107391357
                     -10.040916292848975               2883448681.725995063781738                        0.000000000000000               2883448681.725995063781738
                      -9.899494936611665               2869942950.580912590026855                        0.000000000000000               2869942950.580912590026855
                      -9.758073580374356               2856222845.675582408905029                        0.000000000000000               2856222845.675582408905029
                      -9.616652224137047               2842288684.452078819274902                        0.000000000000000               2842288684.452078819274902
                      -9.475230867899738               2828140943.706151008605957                        0.000000000000000               2828140943.706151008605957
                      -9.333809511662427               2813780262.556125640869141                        0.000000000000000               2813780262.556125640869141
                      -9.192388155425119               2799207445.169727325439453                        0.000000000000000               2799207445.169727325439453
                      -9.050966799187810               2784423463.234722614288330                        0.000000000000000               2784423463.234722614288330
                      -8.909545442950499               2769429458.159878253936768                        0.000000000000000               2769429458.159878253936768
                      -8.768124086713190               2754226742.993348121643066                        0.000000000000000               2754226742.993348121643066
                      -8.626702730475881               2738816804.046350479125977                        0.000000000000000               2738816804.046350479125977
                      -8.485281374238571               2723201302.210794925689697                        0.000000000000000               2723201302.210794925689697
                      -8.343860018001262               2707382073.960403919219971                        0.000000000000000               2707382073.960403919219971
                      -8.202438661763951               2691361132.025854110717773                        0.000000000000000               2691361132.025854110717773
                      -8.061017305526642               2675140665.735462188720703                        0.000000000000000               2675140665.735462188720703
                      -7.919595949289333               2658723041.014082431793213                        0.000000000000000               2658723041.014082431793213
                      -7.778174593052023               2642110800.033995151519775                        0.000000000000000               2642110800.033995151519775
                      -7.636753236814714               2625306660.512828826904297                        0.000000000000000               2625306660.512828826904297
                      -7.495331880577404               2608313514.654775619506836                        0.000000000000000               2608313514.654775619506836
                      -7.353910524340095               2591134427.732693195343018                        0.000000000000000               2591134427.732693195343018
                      -7.212489168102785               2573772636.310018062591553                        0.000000000000000               2573772636.310018062591553
                      -7.071067811865476               2556231546.102765083312988                        0.000000000000000               2556231546.102765083312988
                      -6.929646455628166               2538514729.483278751373291                        0.000000000000000               2538514729.483278751373291
                      -6.788225099390856               2520625922.628797054290771                        0.000000000000000               2520625922.628797054290771
                      -6.646803743153548               2502569022.319263458251953                        0.000000000000000               2502569022.319263458251953
                      -6.505382386916237               2484348082.390202522277832                        0.000000000000000               2484348082.390202522277832
                      -6.363961030678928               2465967309.847856521606445                        0.000000000000000               2465967309.847856521606445
                      -6.222539674441619               2447431060.655105113983154                        0.000000000000000               2447431060.655105113983154
                      -6.081118318204309               2428743835.197979927062988                        0.000000000000000               2428743835.197979927062988
                      -5.939696961967000               2409910273.443864822387695                        0.000000000000000               2409910273.443864822387695
                      -5.798275605729690               2390935149.803689479827881                        0.000000000000000               2390935149.803689479827881
                      -5.656854249492381               2371823367.711530208587646                        0.000000000000000               2371823367.711530208587646
                      -5.515432893255071               2352579953.936157226562500                        0.000000000000000               2352579953.936157226562500
                      -5.374011537017761               2333210052.640070915222168                        0.000000000000000               2333210052.640070915222168
                      -5.232590180780452               2313718919.202477455139160                        0.000000000000000               2313718919.202477455139160
                      -5.091168824543143               2294111913.823551654815674                        0.000000000000000               2294111913.823551654815674
                      -4.949747468305833               2274394494.928017139434814                        0.000000000000000               2274394494.928017139434814
                      -4.808326112068523               2254572212.386831760406494                        0.000000000000000               2254572212.386831760406494
                      -4.666904755831213               2234650700.576263427734375                        0.000000000000000               2234650700.576263427734375
                      -4.525483399593905               2214635671.294178009033203                        0.000000000000000               2214635671.294178009033203
                      -4.384062043356595               2194532906.553605079650879                        0.000000000000000               2194532906.553605079650879
                      -4.242640687119286               2174348251.274168968200684                        0.000000000000000               2174348251.274168968200684
                      -4.101219330881976               2154087605.891813755035400                        0.000000000000000               2154087605.891813755035400
                      -3.959797974644666               2133756918.907604932785034                        0.000000000000000               2133756918.907604932785034
                      -3.818376618407357               2113362179.396182537078857                        0.000000000000000               2113362179.396182537078857
                      -3.676955262170047               2092909409.494399309158325                        0.000000000000000               2092909409.494399309158325
                      -3.535533905932738               2072404656.890426397323608                        0.000000000000000               2072404656.890426397323608
                      -3.394112549695428               2051853987.333281517028809                        0.000000000000000               2051853987.333281517028809
                      -3.252691193458118               2031263477.182369470596313                        0.000000000000000               2031263477.182369470596313
                      -3.111269837220810               2010639206.016097545623779                        0.000000000000000               2010639206.016097545623779
                      -2.969848480983500               1989987249.318128824234009                        0.000000000000000               1989987249.318128824234009
                      -2.828427124746190               1969313671.259119272232056                        0.000000000000000               1969313671.259119272232056
                      -2.687005768508881               1948624517.591178417205811                        0.000000000000000               1948624517.591178417205811
                      -2.545584412271571               1927925808.671453237533569                        0.000000000000000               1927925808.671453237533569
                      -2.404163056034262               1907223532.630511045455933                        0.000000000000000               1907223532.630511045455933
                      -2.262741699796952               1886523638.700225353240967                        0.000000000000000               1886523638.700225353240967
                      -2.121320343559643               1865832030.715119600296021                        0.000000000000000               1865832030.715119600296021
                      -1.979898987322333               1845154560.800072669982910                        0.000000000000000               1845154560.800072669982910
                      -1.838477631085024               1824497023.256404399871826                        0.000000000000000               1824497023.256404399871826
                      -1.697056274847714               1803865148.657424688339233                        0.000000000000000               1803865148.657424688339233
                      -1.555634918610405               1783264598.163502216339111                        0.000000000000000               1783264598.163502216339111
                      -1.414213562373095               1762700958.065807819366455                        0.000000000000000               1762700958.065807819366455
                      -1.272792206135786               1742179734.566942691802979                        0.000000000000000               1742179734.566942691802979
                      -1.131370849898476               1721706348.805754661560059                        0.000000000000000               1721706348.805754661560059
                      -0.989949493661167               1701286132.132772922515869                        0.000000000000000               1701286132.132772922515869
                      -0.848528137423857               1680924321.641956567764282                        0.000000000000000               1680924321.641956567764282
                      -0.707106781186548               1660626055.963696241378784                        0.000000000000000               1660626055.963696241378784
                      -0.565685424949238               1640396371.323467016220093                        0.000000000000000               1640396371.323467016220093
                      -0.424264068711929               1620240197.870052099227905                        0.000000000000000               1620240197.870052099227905
                      -0.282842712474619               1600162356.277057170867920                        0.000000000000000               1600162356.277057170867920
                      -0.141421356237310               1580167554.621369600296021                        0.000000000000000               1580167554.621369600296021
                       0.000000000000000               1560260385.542554616928101                        0.000000000000000               1560260385.542554616928101
                       0.141421356237310               1540445323.687784433364868                        0.000000000000000               1540445323.687784433364868
                       0.282842712474619               1520726723.448109865188599                        0.000000000000000               1520726723.448109865188599
                       0.424264068711929               1501108816.993530035018921                        0.000000000000000               1501108816.993530035018921
                       0.565685424949238               1481595712.616879701614380                        0.000000000000000               1481595712.616879701614380
                       0.707106781186548               1462191393.399875402450562                        0.000000000000000               1462191393.399875402450562
                       0.848528137423857               1442899716.219296216964722                        0.000000000000000               1442899716.219296216964722
                       0.989949493661167               1423724411.117226600646973                        0.000000000000000               1423724411.117226600646973
                       1.131370849898476               1404669081.067047119140625                        0.000000000000000               1404669081.067047119140625
                       1.272792206135786               1385737202.176913738250732                        0.000000000000000               1385737202.176913738250732
                       1.414213562373095               1366932124.385004520416260                        0.000000000000000               1366932124.385004520416260
                       1.555634918610405               1348257072.716840267181396                        0.000000000000000               1348257072.716840267181396
                       1.697056274847714               1329715149.194961547851562                        0.000000000000000               1329715149.194961547851562
                       1.838477631085024               1311309335.516024589538574                        0.000000000000000               1311309335.516024589538574
                       1.979898987322333               1293042496.641195774078369                        0.000000000000000               1293042496.641195774078369
                       2.121320343559643               1274917385.483458280563354                        0.000000000000000               1274917385.483458280563354
                       2.262741699796952               1256936648.921824216842651                        0.000000000000000               1256936648.921824216842651
                       2.404163056034262               1239102835.428756475448608                        0.000000000000000               1239102835.428756475448608
                       2.545584412271571               1221418404.665584325790405                        0.000000000000000               1221418404.665584325790405
                       2.687005768508881               1203885739.483103752136230                        0.000000000000000               1203885739.483103752136230
                       2.828427124746190               1186507160.863755464553833                        0.000000000000000               1186507160.863755464553833
                       2.969848480983500               1169284946.460160017013550                        0.000000000000000               1169284946.460160017013550
                       3.111269837220810               1152221353.525927782058716                        0.000000000000000               1152221353.525927782058716
                       3.252691193458118               1135318647.201634407043457                        0.000000000000000               1135318647.201634407043457
                       3.394112549695428               1118579135.316071510314941                        0.000000000000000               1118579135.316071510314941
                       3.535533905932738               1102005211.094366550445557                        0.000000000000000               1102005211.094366550445557
                       3.676955262170047               1085599405.435492515563965                        0.000000000000000               1085599405.435492515563965
                       3.818376618407357               1069364450.737264037132263                        0.000000000000000               1069364450.737264037132263
                       3.959797974644666               1053303358.613445520401001                        0.000000000000000               1053303358.613445520401001
                       4.101219330881976               1037419514.271536827087402                        0.000000000000000               1037419514.271536827087402
                       4.242640687119286               1021716790.809141755104065                        0.000000000000000               1021716790.809141755104065
                       4.384062043356595               1006199687.250072956085205                        0.000000000000000               1006199687.250072956085205
                       4.525483399593905                990873494.788720011711121                        0.000000000000000                990873494.788720011711121
                       4.666904755831213                975744496.454873561859131                        0.000000000000000                975744496.454873561859131
                       4.808326112068523                960820206.265584349632263                        0.000000000000000                960820206.265584349632263
                       4.949747468305833                946109654.913701176643372                        0.000000000000000                946109654.913701176643372
                       5.091168824543143                931623730.177132248878479                        0.000000000000000                931623730.177132248878479
                       5.232590180780452                917375581.546836853027344                        0.000000000000000                917375581.546836853027344
                       5.374011537017761                903381100.101998805999756                        0.000000000000000                903381100.101998805999756
                       5.515432893255071                889659486.454501986503601                        0.000000000000000                889659486.454501986503601
                       5.656854249492381                876233921.702440381050110                        0.000000000000000                876233921.702440381050110
                       5.798275605729690                863132358.851600646972656                        0.000000000000000                863132358.851600646972656
                       5.939696961967000                850388455.184207797050476                        0.000000000000000                850388455.184207797050476
                       6.081118318204309                838042669.701845169067383                        0.000000000000000                838042669.701845169067383
                       6.222539674441619                826143554.204064607620239                        0.000000000000000                826143554.204064607620239
                       6.363961030678928                814749271.985700607299805                        0.000000000000000                814749271.985700607299805
                       6.505382386916237                803929384.793888926506042                        0.000000000000000                803929384.793888926506042
                       6.646803743153548                793766956.890121817588806                        0.000000000000000                793766956.890121817588806
                       6.788225099390856                784361035.195593118667603                        0.000000000000000                784361035.195593118667603
                       6.929646455628166                775829577.027748107910156                        0.000000000000000                775829577.027748107910156
                       7.071067811865476                768312912.424070477485657                        0.000000000000000                768312912.424070477485657
                       7.212489168102785                761977847.137806653976440                        0.000000000000000                761977847.137806653976440
                       7.353910524340095                757022535.727060198783875                        0.000000000000000                757022535.727060198783875
                       7.495331880577404                753682282.156871795654297                        0.000000000000000                753682282.156871795654297
                       7.636753236814714                752236457.539929389953613                        0.000000000000000                752236457.539929389953613
                       7.778174593052023                753016758.192646145820618                        0.000000000000000                753016758.192646145820618
                       7.919595949289333                756417053.239666700363159                        0.000000000000000                756417053.239666700363159
                       8.061017305526642                762905066.765449523925781                        0.000000000000000                762905066.765449523925781
                       8.202438661763951                773036050.793368697166443                        0.000000000000000                773036050.793368697166443
                       8.343860018001262                787468309.045472860336304                        0.000000000000000                787468309.045472860336304
                       8.485281374238571                806979655.461467385292053                        0.000000000000000                806979655.461467385292053
                       8.626702730475881                832482045.647952675819397                        0.000000000000000                832482045.647952675819397
                       8.768124086713190                865027440.309852004051208                        0.000000000000000                865027440.309852004051208
                       8.909545442950499                905788778.396664261817932                        0.000000000000000                905788778.396664261817932
                       9.050966799187810                955980237.739415168762207                        0.000000000000000                955980237.739415168762207
                       9.192388155425119               1016639867.125041246414185                        0.000000000000000               1016639867.125041246414185
                       9.333809511662427               1088116160.417020082473755                        0.000000000000000               1088116160.417020082473755
                       9.475230867899738               1168955968.934853076934814                        0.000000000000000               1168955968.934853076934814
                       9.616652224137047               1253710709.975871086120605                        0.000000000000000               1253710709.975871086120605
                       9.758073580374356               1329270040.096167802810669                        0.000000000000000               1329270040.096167802810669
                       9.899494936611665               1370930291.152235984802246                        0.000000000000000               1370930291.152235984802246
                      10.040916292848975               1344808498.726682186126709                        0.000000000000000               1344808498.726682186126709
                      10.182337649086286               1228689123.678426265716553                        0.000000000000000               1228689123.678426265716553
                      10.323759005323595               1043992909.292946577072144                        0.000000000000000               1043992909.292946577072144
                      10.465180361560904                850205124.658647418022156                        0.000000000000000                850205124.658647418022156
                      10.606601717798213                694120846.822615861892700                        0.000000000000000                694120846.822615861892700
                      10.748023074035522                584870227.053777217864990                        0.000000000000000                584870227.053777217864990
                      10.889444430272833                511229751.199244678020477                        0.000000000000000                511229751.199244678020477
                      11.030865786510143                460421761.595206320285797                        0.000000000000000                460421761.595206320285797
                      11.172287142747452                423764240.943953216075897                        0.000000000000000                423764240.943953216075897
                      11.313708498984761                396110778.896479725837708                        0.000000000000000                396110778.896479725837708
                      11.455129855222070                374449996.766244828701019                        0.000000000000000                374449996.766244828701019
                      11.596551211459380                356965523.230658650398254                        0.000000000000000                356965523.230658650398254
                      11.737972567696691                342518699.160094380378723                        0.000000000000000                342518699.160094380378723
                      11.879393923934000                330371176.146137475967407                        0.000000000000000                330371176.146137475967407
                      12.020815280171309                320032005.864794969558716                        0.000000000000000                320032005.864794969558716
                      12.162236636408618                311169889.117497920989990                        0.000000000000000                311169889.117497920989990
                      12.303657992645928                303560829.283862471580505                        0.000000000000000                303560829.283862471580505
                      12.445079348883239                297055866.376984417438507                        0.000000000000000                297055866.376984417438507
                      12.586500705120548                291560686.273993432521820                        0.000000000000000                291560686.273993432521820
                      12.727922061357857                287022539.801652550697327                        0.000000000000000                287022539.801652550697327
                      12.869343417595166                283421846.684377431869507                        0.000000000000000                283421846.684377431869507
                      13.010764773832474                280766938.415477752685547                        0.000000000000000                280766938.415477752685547
                      13.152186130069786                279091022.096696972846985                        0.000000000000000                279091022.096696972846985
                      13.293607486307096                278450833.762783288955688                        0.000000000000000                278450833.762783288955688
                      13.435028842544403                278926707.114404976367950                        0.000000000000000                278926707.114404976367950
                      13.576450198781712                280623976.136623084545135                        0.000000000000000                280623976.136623084545135
                      13.717871555019022                283675797.834497928619385                        0.000000000000000                283675797.834497928619385
                      13.859292911256333                288247652.618170082569122                        0.000000000000000                288247652.618170082569122
                      14.000714267493642                294543978.209152519702911                        0.000000000000000                294543978.209152519702911
                      14.142135623730951                302817641.018685758113861                        0.000000000000000                302817641.018685758113861
                      14.283556979968260                313383271.121059894561768                        0.000000000000000                313383271.121059894561768
                      14.424978336205569                326635909.948510110378265                        0.000000000000000                326635909.948510110378265
                      14.566399692442880                343076969.823703646659851                        0.000000000000000                343076969.823703646659851
                      14.707821048680190                363350193.925701677799225                        0.000000000000000                363350193.925701677799225
                      14.849242404917499                388291091.546392440795898                        0.000000000000000                388291091.546392440795898
                      14.990663761154808                418993984.072051405906677                        0.000000000000000                418993984.072051405906677
                      15.132085117392117                456900551.269739329814911                        0.000000000000000                456900551.269739329814911
                      15.273506473629428                503910073.233349561691284                        0.000000000000000                503910073.233349561691284
                      15.414927829866738                562496086.746651053428650                        0.000000000000000                562496086.746651053428650
                      15.556349186104047                635758618.527612686157227                        0.000000000000000                635758618.527612686157227
                      15.697770542341356                727145854.757272005081177                        0.000000000000000                727145854.757272005081177
                      15.839191898578665                838888035.797590851783752                        0.000000000000000                838888035.797590851783752
                      15.980613254815976                965801384.239982485771179                        0.000000000000000                965801384.239982485771179
                      16.122034611053284               1074261406.119338274002075                        0.000000000000000               1074261406.119338274002075
                      16.263455967290593               1052184121.391485929489136                        0.000000000000000               1052184121.391485929489136
                      16.404877323527902                738710372.975062489509583                        0.000000000000000                738710372.975062489509583
                      16.546298679765211                301348799.157860696315765                        0.000000000000000                301348799.157860696315765
                      16.687720036002524                 72074247.679256632924080                        0.000000000000000                 72074247.679256632924080
                      16.829141392239833                 11766607.571186965331435                        0.000000000000000                 11766607.571186965331435
                      16.970562748477143                  1497713.723580723162740                        0.000000000000000                  1497713.723580723162740
                      17.111984104714452                   161555.796581648843130                        0.000000000000000                   161555.796581648843130
                      17.253405460951761                    15537.758506257025147                        0.000000000000000                    15537.758506257025147
                      17.394826817189070                     1376.234462341592689                        0.000000000000000                     1376.234462341592689
                      17.536248173426380                      114.726215735990181                        0.000000000000000                      114.726215735990181
                      17.677669529663689                        9.138466264588338                        0.000000000000000                        9.138466264588338
                      17.819090885900998                        0.703150825798609                        0.000000000000000                        0.703150825798609
                      17.960512242138307                        0.052681912486337                        0.000000000000000                        0.052681912486337
                      18.101933598375620                        0.003866443040205                        0.000000000000000                        0.003866443040205
                      18.243354954612929                        0.000279235522304                        0.000000000000000                        0.000279235522304
                      18.384776310850238                        0.000019913651131                        0.000000000000000                        0.000019913651131
                      18.526197667087548                        0.000001406118244                        0.000000000000000                        0.000001406118244
                      18.667619023324853                        0.000000098513125                        0.000000000000000                        0.000000098513125
                      18.809040379562166                        0.000000006859309                        0.000000000000000                        0.000000006859309
                      18.950461735799475                        0.000000000475271                        0.000000000000000                        0.000000000475271
                      19.091883092036785                        0.000000000032803                        0.000000000000000                        0.000000000032803
                      19.233304448274094                        0.000000000002257                        0.000000000000000                        0.000000000002257
                      19.374725804511403                        0.000000000000155                        0.000000000000000                        0.000000000000155
                      19.516147160748712                        0.000000000000011                        0.000000000000000                        0.000000000000011
                      19.657568516986021                        0.000000000000001                        0.000000000000000                        0.000000000000001
                      19.798989873223331                        0.000000000000000                        0.000000000000000                        0.000000000000000
                      19.940411229460640                        0.000000000000000                        0.000000000000000                        0.000000000000000
                      20.081832585697949                        0.000000000000000                        0.000000000000000                        0.000000000000000
                      20.223253941935262                        0.000000000000000                        0.000000000000000                        0.000000000000000
                      20.364675298172571                        0.000000000000000                        0.000000000000000                        0.000000000000000
                      20.506096654409880                        0.000000000000000                        0.000000000000000                        0.000000000000000
                      20.647518010647190                        0.000000000000000                        0.000000000000000                        0.000000000000000
                      20.788939366884499                        0.000000000000000                        0.000000000000000                        0.000000000000000
                      20.930360723121808                        0.000000000000000                        0.000000000000000                        0.000000000000000
                      21.071782079359117                        0.000000000000000                        0.000000000000000                        0.000000000000000
                      21.213203435596427                        0.000000000000000                        0.000000000000000                        0.000000000000000
                      21.354624791833736                        0.000000000000000                        0.000000000000000                        0.000000000000000
                      21.496046148071045                        0.000000000000000                        0.000000000000000                        0.000000000000000
                      21.637467504308358                        0.000000000000000                        0.000000000000000                        0.000000000000000
                      21.778888860545667                        0.000000000000000                        0.000000000000000                        0.000000000000000
                      21.920310216782976                        0.000000000000000                        0.000000000000000                        0.000000000000000
                      22.061731573020285                        0.000000000000000                        0.000000000000000                        0.000000000000000
                      22.203152929257591                        0.000000000000000                        0.000000000000000                        0.000000000000000
                      22.344574285494904                        0.000000000000000                        0.000000000000000                        0.000000000000000
                      22.485995641732213                        0.000000000000000                        0.000000000000000                        0.000000000000000
                      22.627416997969522                        0.000000000000000                        0.000000000000000                        0.000000000000000
                      22.768838354206835                        0.000000000000000                        0.000000000000000                        0.000000000000000
                      22.910259710444141                        0.000000000000000                        0.000000000000000                        0.000000000000000
                      23.051681066681454                        0.000000000000000                        0.000000000000000                        0.000000000000000
                      23.193102422918759                        0.000000000000000                        0.000000000000000                        0.000000000000000
                      23.334523779156068                        0.000000000000000                        0.000000000000000                        0.000000000000000
                      23.475945135393381                        0.000000000000000                        0.000000000000000                        0.000000000000000
                      23.617366491630687                        0.000000000000000                        0.000000000000000                        0.000000000000000
                      23.758787847868000                        0.000000000000000                        0.000000000000000                        0.000000000000000
                      23.900209204105305                        0.000000000000000                        0.000000000000000                        0.000000000000000
                      24.041630560342618                        0.000000000000000                        0.000000000000000                        0.000000000000000
                      24.183051916579927                        0.000000000000000                        0.000000000000000                        0.000000000000000
                      24.324473272817237                        0.000000000000000                        0.000000000000000                        0.000000000000000
                      24.465894629054546                        0.000000000000000                        0.000000000000000                        0.000000000000000
                      24.607315985291855                        0.000000000000000                        0.000000000000000                        0.000000000000000
                      24.748737341529164                        0.000000000000000                        0.000000000000000                        0.000000000000000
                      24.890158697766477                        0.000000000000000                        0.000000000000000                        0.000000000000000
                      25.031580054003783                        0.000000000000000                        0.000000000000000                        0.000000000000000
                      25.173001410241095                        0.000000000000000                        0.000000000000000                        0.000000000000000
                      25.314422766478401                        0.000000000000000                        0.000000000000000                        0.000000000000000
                      25.455844122715714                        0.000000000000000                        0.000000000000000                        0.000000000000000
                      25.597265478953023                        0.000000000000000                        0.000000000000000                        0.000000000000000
                      25.738686835190332                        0.000000000000000                        0.000000000000000                        0.000000000000000
                      25.880108191427642                        0.000000000000000                        0.000000000000000                        0.000000000000000
                      26.021529547664947                        0.000000000000000                        0.000000000000000                        0.000000000000000
                      26.162950903902260                        0.000000000000000                        0.000000000000000                        0.000000000000000
                      26.304372260139573                        0.000000000000000                        0.000000000000000                        0.000000000000000
                      26.445793616376879                        0.000000000000000                        0.000000000000000                        0.000000000000000
                      26.587214972614191                        0.000000000000000                        0.000000000000000                        0.000000000000000
                      26.728636328851497                        0.000000000000000                        0.000000000000000                        0.000000000000000
                      26.870057685088806                        0.000000000000000                        0.000000000000000                        0.000000000000000
                      27.011479041326119                        0.000000000000000                        0.000000000000000                        0.000000000000000
                      27.152900397563425                        0.000000000000000                        0.000000000000000                        0.000000000000000
                      27.294321753800737                        0.000000000000000                        0.000000000000000                        0.000000000000000
                      27.435743110038043                        0.000000000000000                        0.000000000000000                        0.000000000000000
                      27.577164466275356                        0.000000000000000                        0.000000000000000                        0.000000000000000
                      27.718585822512665                        0.000000000000000                        0.000000000000000                        0.000000000000000
                      27.860007178749974                        0.000000000000000                        0.000000000000000                        0.000000000000000
                      28.001428534987284                        0.000000000000000                        0.000000000000000                        0.000000000000000
                      28.142849891224593                        0.000000000000000                        0.000000000000000                        0.000000000000000
                      28.284271247461902                        0.000000000000000                        0.000000000000000                        0.000000000000000
                      28.425692603699215                        0.000000000000000                        0.000000000000000                        0.000000000000000
                      28.567113959936520                        0.000000000000000                        0.000000000000000                        0.000000000000000
                      28.708535316173833                        0.000000000000000                        0.000000000000000                        0.000000000000000
                      28.849956672411139                        0.000000000000000                        0.000000000000000                        0.000000000000000
                      28.991378028648452                        0.000000000000000                        0.000000000000000                        0.000000000000000
                      29.132799384885761                        0.000000000000000                        0.000000000000000                        0.000000000000000
                      29.274220741123070                        0.000000000000000                        0.000000000000000                        0.000000000000000
                      29.415642097360379                        0.000000000000000                        0.000000000000000                        0.000000000000000
                      29.557063453597685                        0.000000000000000                        0.000000000000000                        0.000000000000000
                      29.698484809834998                        0.000000000000000                        0.000000000000000                        0.000000000000000
                      29.839906166072311                        0.000000000000000                        0.000000000000000                        0.000000000000000
                      29.981327522309616                        0.000000000000000                        0.000000000000000                        0.000000000000000
                      30.122748878546929                        0.000000000000000                        0.000000000000000                        0.000000000000000
                      30.264170234784235                        0.000000000000000                        0.000000000000000                        0.000000000000000
                      30.405591591021544                        0.000000000000000                        0.000000000000000                        0.000000000000000
                      30.547012947258857                        0.000000000000000                        0.000000000000000                        0.000000000000000
                      30.688434303496162                        0.000000000000000                        0.000000000000000                        0.000000000000000
                      30.829855659733475                        0.000000000000000                        0.000000000000000                        0.000000000000000
                      30.971277015970781                        0.000000000000000                        0.000000000000000                        0.000000000000000
                      31.112698372208094                        0.000000000000000                        0.000000000000000                        0.000000000000000
                      31.254119728445406                        0.000000000000000                        0.000000000000000                        0.000000000000000
                      31.395541084682712                        0.000000000000000                        0.000000000000000                        0.000000000000000
                      31.536962440920021                        0.000000000000000                        0.000000000000000                        0.000000000000000
                      31.678383797157331                        0.000000000000000                        0.000000000000000                        0.000000000000000
                      31.819805153394640                        0.000000000000000                        0.000000000000000                        0.000000000000000
                      31.961226509631953                        0.000000000000000                        0.000000000000000                        0.000000000000000
                      32.102647865869258                        0.000000000000000                        0.000000000000000                        0.000000000000000
                      32.244069222106567                        0.000000000000000                        0.000000000000000                        0.000000000000000
                      32.385490578343877                        0.000000000000000                        0.000000000000000                        0.000000000000000
                      32.526911934581186                        0.000000000000000                        0.000000000000000                        0.000000000000000
                      32.668333290818502                        0.000000000000000                        0.000000000000000                        0.000000000000000
                      32.809754647055804                        0.000000000000000                        0.000000000000000                        0.000000000000000
                      32.951176003293121                        0.000000000000000                        0.000000000000000                        0.000000000000000
                      33.092597359530423                        0.000000000000000                        0.000000000000000                        0.000000000000000
                      33.234018715767739                        0.000000000000000                        0.000000000000000                        0.000000000000000
                      33.375440072005048                        0.000000000000000                        0.000000000000000                        0.000000000000000
                      33.516861428242350                        0.000000000000000                        0.000000000000000                        0.000000000000000
                      33.658282784479667                        0.000000000000000                        0.000000000000000                        0.000000000000000
                      33.799704140716969                        0.000000000000000                        0.000000000000000                        0.000000000000000
                      33.941125496954285                        0.000000000000000                        0.000000000000000                        0.000000000000000
                      34.082546853191594                        0.000000000000000                        0.000000000000000                        0.000000000000000
                      34.223968209428904                        0.000000000000000                        0.000000000000000                        0.000000000000000
                      34.365389565666213                        0.000000000000000                        0.000000000000000                        0.000000000000000
                      34.506810921903522                        0.000000000000000                        0.000000000000000                        0.000000000000000
                      34.648232278140831                        0.000000000000000                        0.000000000000000                        0.000000000000000
                      34.789653634378141                        0.000000000000000                        0.000000000000000                        0.000000000000000
                      34.931074990615450                        0.000000000000000                        0.000000000000000                        0.000000000000000
                      35.072496346852759                        0.000000000000000                        0.000000000000000                        0.000000000000000
                      35.213917703090068                        0.000000000000000                        0.000000000000000                        0.000000000000000
                      35.355339059327378                        0.000000000000000                        0.000000000000000                        0.000000000000000
                      35.496760415564687                        0.000000000000000                        0.000000000000000                        0.000000000000000
                      35.638181771801996                        0.000000000000000                        0.000000000000000                        0.000000000000000
                      35.779603128039305                        0.000000000000000                        0.000000000000000                        0.000000000000000
                      35.921024484276614                        0.000000000000000                        0.000000000000000                        0.000000000000000
                      36.062445840513924                        0.000000000000000                        0.000000000000000                        0.000000000000000
                      36.203867196751240                        0.000000000000000                        0.000000000000000                        0.000000000000000
                      36.345288552988542                        0.000000000000000                        0.000000000000000                        0.000000000000000
                      36.486709909225858                        0.000000000000000                        0.000000000000000                        0.000000000000000
                      36.628131265463161                        0.000000000000000                        0.000000000000000                        0.000000000000000
                      36.769552621700477                        0.000000000000000                        0.000000000000000                        0.000000000000000
                      36.910973977937786                        0.000000000000000                        0.000000000000000                        0.000000000000000
                      37.052395334175095                        0.000000000000000                        0.000000000000000                        0.000000000000000
                      37.193816690412405                        0.000000000000000                        0.000000000000000                        0.000000000000000
                      37.335238046649707                        0.000000000000000                        0.000000000000000                        0.000000000000000
                      37.476659402887023                        0.000000000000000                        0.000000000000000                        0.000000000000000
                      37.618080759124332                        0.000000000000000                        0.000000000000000                        0.000000000000000
                      37.759502115361641                        0.000000000000000                        0.000000000000000                        0.000000000000000
                      37.900923471598951                        0.000000000000000                        0.000000000000000                        0.000000000000000
                      38.042344827836260                        0.000000000000000                        0.000000000000000                        0.000000000000000
                      38.183766184073569                        0.000000000000000                        0.000000000000000                        0.000000000000000
                      38.325187540310878                        0.000000000000000                        0.000000000000000                        0.000000000000000
                      38.466608896548188                        0.000000000000000                        0.000000000000000                        0.000000000000000
                      38.608030252785497                        0.000000000000000                        0.000000000000000                        0.000000000000000
                      38.749451609022806                        0.000000000000000                        0.000000000000000                        0.000000000000000
                      38.890872965260115                        0.000000000000000                        0.000000000000000                        0.000000000000000
                      39.032294321497425                        0.000000000000000                        0.000000000000000                        0.000000000000000
                      39.173715677734734                        0.000000000000000                        0.000000000000000                        0.000000000000000
                      39.315137033972043                        0.000000000000000                        0.000000000000000                        0.000000000000000
                      39.456558390209352                        0.000000000000000                        0.000000000000000                        0.000000000000000
                      39.597979746446661                        0.000000000000000                        0.000000000000000                        0.000000000000000
                      39.739401102683978                        0.000000000000000                        0.000000000000000                        0.000000000000000
                      39.880822458921280                        0.000000000000000                        0.000000000000000                        0.000000000000000
                      40.022243815158596                        0.000000000000000                        0.000000000000000                        0.000000000000000
                      40.163665171395898                        0.000000000000000                        0.000000000000000                        0.000000000000000
                      40.305086527633215                        0.000000000000000                        0.000000000000000                        0.000000000000000
                      40.446507883870524                        0.000000000000000                        0.000000000000000                        0.000000000000000
                      40.587929240107833                        0.000000000000000                        0.000000000000000                        0.000000000000000
                      40.729350596345142                        0.000000000000000                        0.000000000000000                        0.000000000000000
                      40.870771952582444                        0.000000000000000                        0.000000000000000                        0.000000000000000
                      41.012193308819761                        0.000000000000000                        0.000000000000000                        0.000000000000000
                      41.153614665057070                        0.000000000000000                        0.000000000000000                        0.000000000000000
                      41.295036021294379                        0.000000000000000                        0.000000000000000                        0.000000000000000
                      41.436457377531688                        0.000000000000000                        0.000000000000000                        0.000000000000000
                      41.577878733768998                        0.000000000000000                        0.000000000000000                        0.000000000000000
                      41.719300090006307                        0.000000000000000                        0.000000000000000                        0.000000000000000
                      41.860721446243616                        0.000000000000000                        0.000000000000000                        0.000000000000000
                      42.002142802480925                        0.000000000000000                        0.000000000000000                        0.000000000000000
                      42.143564158718235                        0.000000000000000                        0.000000000000000                        0.000000000000000
                      42.284985514955544                        0.000000000000000                        0.000000000000000                        0.000000000000000
                      42.426406871192853                        0.000000000000000                        0.000000000000000                        0.000000000000000
                      42.567828227430169                        0.000000000000000                        0.000000000000000                        0.000000000000000
                      42.709249583667471                        0.000000000000000                        0.000000000000000                        0.000000000000000
                      42.850670939904781                        0.000000000000000                        0.000000000000000                        0.000000000000000
                      42.992092296142090                        0.000000000000000                        0.000000000000000                        0.000000000000000
                      43.133513652379399                        0.000000000000000                        0.000000000000000                        0.000000000000000
                      43.274935008616715                        0.000000000000000                        0.000000000000000                        0.000000000000000
                      43.416356364854018                        0.000000000000000                        0.000000000000000                        0.000000000000000
                      43.557777721091334                        0.000000000000000                        0.000000000000000                        0.000000000000000
                      43.699199077328636                        0.000000000000000                        0.000000000000000                        0.000000000000000
                      43.840620433565952                        0.000000000000000                        0.000000000000000                        0.000000000000000
                      43.982041789803262                        0.000000000000000                        0.000000000000000                        0.000000000000000
                      44.123463146040571                        0.000000000000000                        0.000000000000000                        0.000000000000000
                      44.264884502277880                        0.000000000000000                        0.000000000000000                        0.000000000000000
                      44.406305858515182                        0.000000000000000                        0.000000000000000                        0.000000000000000
                      44.547727214752499                        0.000000000000000                        0.000000000000000                        0.000000000000000
                      44.689148570989808                        0.000000000000000                        0.000000000000000                        0.000000000000000
                      44.830569927227117                        0.000000000000000                        0.000000000000000                        0.000000000000000
                      44.971991283464426                        0.000000000000000                        0.000000000000000                        0.000000000000000
                      45.113412639701735                        0.000000000000000                        0.000000000000000                        0.000000000000000
                      45.254833995939045                        0.000000000000000                        0.000000000000000                        0.000000000000000
                      45.396255352176354                        0.000000000000000                        0.000000000000000                        0.000000000000000
                      45.537676708413670                        0.000000000000000                        0.000000000000000                        0.000000000000000
                      45.679098064650972                        0.000000000000000                        0.000000000000000                        0.000000000000000
                      45.820519420888282                        0.000000000000000                        0.000000000000000                        0.000000000000000
                      45.961940777125591                        0.000000000000000                        0.000000000000000                        0.000000000000000
                      46.103362133362907                        0.000000000000000                        0.000000000000000                        0.000000000000000
                      46.244783489600216                        0.000000000000000                        0.000000000000000                        0.000000000000000
                      46.386204845837518                        0.000000000000000                        0.000000000000000                        0.000000000000000
                      46.527626202074828                        0.000000000000000                        0.000000000000000                        0.000000000000000
                      46.669047558312137                        0.000000000000000                        0.000000000000000                        0.000000000000000
                      46.810468914549453                        0.000000000000000                        0.000000000000000                        0.000000000000000
                      46.951890270786762                        0.000000000000000                        0.000000000000000                        0.000000000000000
                      47.093311627024065                        0.000000000000000                        0.000000000000000                        0.000000000000000
                      47.234732983261374                        0.000000000000000                        0.000000000000000                        0.000000000000000
                      47.376154339498690                        0.000000000000000                        0.000000000000000                        0.000000000000000
                      47.517575695735999                        0.000000000000000                        0.000000000000000                        0.000000000000000
                      47.658997051973309                        0.000000000000000                        0.000000000000000                        0.000000000000000
                      47.800418408210611                        0.000000000000000                        0.000000000000000                        0.000000000000000
                      47.941839764447920                        0.000000000000000                        0.000000000000000                        0.000000000000000
                      48.083261120685236                        0.000000000000000                        0.000000000000000                        0.000000000000000
                      48.224682476922546                        0.000000000000000                        0.000000000000000                        0.000000000000000
                      48.366103833159855                        0.000000000000000                        0.000000000000000                        0.000000000000000
                      48.507525189397157                        0.000000000000000                        0.000000000000000                        0.000000000000000
                      48.648946545634473                        0.000000000000000                        0.000000000000000                        0.000000000000000
                      48.790367901871782                        0.000000000000000                        0.000000000000000                        0.000000000000000
                      48.931789258109092                        0.000000000000000                        0.000000000000000                        0.000000000000000
                      49.073210614346408                        0.000000000000000                        0.000000000000000                        0.000000000000000
                      49.214631970583710                        0.000000000000000                        0.000000000000000                        0.000000000000000
                      49.356053326821019                        0.000000000000000                        0.000000000000000                        0.000000000000000
                      49.497474683058329                        0.000000000000000                        0.000000000000000                        0.000000000000000
                      49.638896039295645                        0.000000000000000                        0.000000000000000                        0.000000000000000
                      49.780317395532954                        0.000000000000000                        0.000000000000000                        0.000000000000000
                      49.921738751770256                        0.000000000000000                        0.000000000000000                        0.000000000000000
                      50.063160108007565                        0.000000000000000                        0.000000000000000                        0.000000000000000
                      50.204581464244875                        0.000000000000000                        0.000000000000000                        0.000000000000000
                      50.346002820482191                        0.000000000000000                        0.000000000000000                        0.000000000000000
                      50.487424176719500                        0.000000000000000                        0.000000000000000                        0.000000000000000
                      50.628845532956802                        0.000000000000000                        0.000000000000000                        0.000000000000000
                      50.770266889194112                        0.000000000000000                        0.000000000000000                        0.000000000000000
                      50.911688245431428                        0.000000000000000                        0.000000000000000                        0.000000000000000
                      51.053109601668737                        0.000000000000000                        0.000000000000000                        0.000000000000000
                      51.194530957906046                        0.000000000000000                        0.000000000000000                        0.000000000000000
                      51.335952314143348                        0.000000000000000                        0.000000000000000                        0.000000000000000
                      51.477373670380665                        0.000000000000000                        0.000000000000000                        0.000000000000000
                      51.618795026617974                        0.000000000000000                        0.000000000000000                        0.000000000000000
                      51.760216382855283                        0.000000000000000                        0.000000000000000                        0.000000000000000
                      51.901637739092592                        0.000000000000000                        0.000000000000000                        0.000000000000000
                      52.043059095329895                        0.000000000000000                        0.000000000000000                        0.000000000000000
                      52.184480451567211                        0.000000000000000                        0.000000000000000                        0.000000000000000
                      52.325901807804520                        0.000000000000000                        0.000000000000000                        0.000000000000000
                      52.467323164041829                        0.000000000000000                        0.000000000000000                        0.000000000000000
                      52.608744520279146                        0.000000000000000                        0.000000000000000                        0.000000000000000
                      52.750165876516448                        0.000000000000000                        0.000000000000000                        0.000000000000000
                      52.891587232753757                        0.000000000000000                        0.000000000000000                        0.000000000000000
                      53.033008588991066                        0.000000000000000                        0.000000000000000                        0.000000000000000
                      53.174429945228383                        0.000000000000000                        0.000000000000000                        0.000000000000000
                      53.315851301465692                        0.000000000000000                        0.000000000000000                        0.000000000000000
                      53.457272657702994                        0.000000000000000                        0.000000000000000                        0.000000000000000
                      53.598694013940303                        0.000000000000000                        0.000000000000000                        0.000000000000000
                      53.740115370177612                        0.000000000000000                        0.000000000000000                        0.000000000000000
                      53.881536726414929                        0.000000000000000                        0.000000000000000                        0.000000000000000
                      54.022958082652238                        0.000000000000000                        0.000000000000000                        0.000000000000000
                      54.164379438889540                        0.000000000000000                        0.000000000000000                        0.000000000000000
                      54.305800795126849                        0.000000000000000                        0.000000000000000                        0.000000000000000
                      54.447222151364166                        0.000000000000000                        0.000000000000000                        0.000000000000000
                      54.588643507601475                        0.000000000000000                        0.000000000000000                        0.000000000000000
                      54.730064863838784                        0.000000000000000                        0.000000000000000                        0.000000000000000
                      54.871486220076086                        0.000000000000000                        0.000000000000000                        0.000000000000000
                      55.012907576313403                        0.000000000000000                        0.000000000000000                        0.000000000000000
                      55.154328932550712                        0.000000000000000                        0.000000000000000                        0.000000000000000
                      55.295750288788021                        0.000000000000000                        0.000000000000000                        0.000000000000000
                      55.437171645025330                        0.000000000000000                        0.000000000000000                        0.000000000000000
                      55.578593001262632                        0.000000000000000                        0.000000000000000                        0.000000000000000
                      55.720014357499949                        0.000000000000000                        0.000000000000000                        0.000000000000000
                      55.861435713737258                        0.000000000000000                        0.000000000000000                        0.000000000000000
                      56.002857069974567                        0.000000000000000                        0.000000000000000                        0.000000000000000
                      56.144278426211883                        0.000000000000000                        0.000000000000000                        0.000000000000000
                      56.285699782449186                        0.000000000000000                        0.000000000000000                        0.000000000000000
                      56.427121138686495                        0.000000000000000                        0.000000000000000                        0.000000000000000
                      56.568542494923804                        0.000000000000000                        0.000000000000000                        0.000000000000000
                      56.709963851161120                        0.000000000000000                        0.000000000000000                        0.000000000000000
                      56.851385207398430                        0.000000000000000                        0.000000000000000                        0.000000000000000
                      56.992806563635732                        0.000000000000000                        0.000000000000000                        0.000000000000000
                      57.134227919873041                        0.000000000000000                        0.000000000000000                        0.000000000000000
                      57.275649276110350                        0.000000000000000                        0.000000000000000                        0.000000000000000
                      57.417070632347667                        0.000000000000000                        0.000000000000000                        0.000000000000000
                      57.558491988584976                        0.000000000000000                        0.000000000000000                        0.000000000000000
                      57.699913344822278                        0.000000000000000                        0.000000000000000                        0.000000000000000
                      57.841334701059587                        0.000000000000000                        0.000000000000000                        0.000000000000000
                      57.982756057296903                        0.000000000000000                        0.000000000000000                        0.000000000000000
                      58.124177413534213                        0.000000000000000                        0.000000000000000                        0.000000000000000
                      58.265598769771522                        0.000000000000000                        0.000000000000000                        0.000000000000000
                      58.407020126008824                        0.000000000000000                        0.000000000000000                        0.000000000000000
                      58.548441482246140                        0.000000000000000                        0.000000000000000                        0.000000000000000
                      58.689862838483450                        0.000000000000000                        0.000000000000000                        0.000000000000000
                      58.831284194720759                        0.000000000000000                        0.000000000000000                        0.000000000000000
                      58.972705550958075                        0.000000000000000                        0.000000000000000                        0.000000000000000
                      59.114126907195370                        0.000000000000000                        0.000000000000000                        0.000000000000000
                      59.255548263432686                        0.000000000000000                        0.000000000000000                        0.000000000000000
                      59.396969619669996                        0.000000000000000                        0.000000000000000                        0.000000000000000
                      59.538390975907305                        0.000000000000000                        0.000000000000000                        0.000000000000000
                      59.679812332144621                        0.000000000000000                        0.000000000000000                        0.000000000000000
                      59.821233688381923                        0.000000000000000                        0.000000000000000                        0.000000000000000
                      59.962655044619233                        0.000000000000000                        0.000000000000000                        0.000000000000000
                      60.104076400856542                        0.000000000000000                        0.000000000000000                        0.000000000000000
                      60.245497757093858                        0.000000000000000                        0.000000000000000                        0.000000000000000
                      60.386919113331167                        0.000000000000000                        0.000000000000000                        0.000000000000000
                      60.528340469568469                        0.000000000000000                        0.000000000000000                        0.000000000000000
                      60.669761825805779                        0.000000000000000                        0.000000000000000                        0.000000000000000
                      60.811183182043088                        0.000000000000000                        0.000000000000000                        0.000000000000000
                      60.952604538280404                        0.000000000000000                        0.000000000000000                        0.000000000000000
                      61.094025894517713                        0.000000000000000                        0.000000000000000                        0.000000000000000
                      61.235447250755016                        0.000000000000000                        0.000000000000000                        0.000000000000000
                      61.376868606992325                        0.000000000000000                        0.000000000000000                        0.000000000000000
                      61.518289963229641                        0.000000000000000                        0.000000000000000                        0.000000000000000
                      61.659711319466950                        0.000000000000000                        0.000000000000000                        0.000000000000000
                      61.801132675704260                        0.000000000000000                        0.000000000000000                        0.000000000000000
                      61.942554031941562                        0.000000000000000                        0.000000000000000                        0.000000000000000
                      62.083975388178878                        0.000000000000000                        0.000000000000000                        0.000000000000000
                      62.225396744416187                        0.000000000000000                        0.000000000000000                        0.000000000000000
                      62.366818100653497                        0.000000000000000                        0.000000000000000                        0.000000000000000
                      62.508239456890813                        0.000000000000000                        0.000000000000000                        0.000000000000000
                      62.649660813128108                        0.000000000000000                        0.000000000000000                        0.000000000000000
                      62.791082169365424                        0.000000000000000                        0.000000000000000                        0.000000000000000
                      62.932503525602733                        0.000000000000000                        0.000000000000000                        0.000000000000000
                      63.073924881840043                        0.000000000000000                        0.000000000000000                        0.000000000000000
                      63.215346238077359                        0.000000000000000                        0.000000000000000                        0.000000000000000
                      63.356767594314661                        0.000000000000000                        0.000000000000000                        0.000000000000000
                      63.498188950551970                        0.000000000000000                        0.000000000000000                        0.000000000000000
                      63.639610306789280                        0.000000000000000                        0.000000000000000                        0.000000000000000
                      63.781031663026596                        0.000000000000000                        0.000000000000000                        0.000000000000000
                      63.922453019263905                        0.000000000000000                        0.000000000000000                        0.000000000000000
                      64.063874375501200                        0.000000000000000                        0.000000000000000                        0.000000000000000
                      64.205295731738516                        0.000000000000000                        0.000000000000000                        0.000000000000000
                      64.346717087975833                        0.000000000000000                        0.000000000000000                        0.000000000000000
                      64.488138444213135                        0.000000000000000                        0.000000000000000                        0.000000000000000
                      64.629559800450451                        0.000000000000000                        0.000000000000000                        0.000000000000000
                      64.770981156687753                        0.000000000000000                        0.000000000000000                        0.000000000000000
                      64.912402512925070                        0.000000000000000                        0.000000000000000                        0.000000000000000
                      65.053823869162372                        0.000000000000000                        0.000000000000000                        0.000000000000000
                      65.195245225399688                        0.000000000000000                        0.000000000000000                        0.000000000000000
                      65.336666581637004                        0.000000000000000                        0.000000000000000                        0.000000000000000
                      65.478087937874307                        0.000000000000000                        0.000000000000000                        0.000000000000000
                      65.619509294111609                        0.000000000000000                        0.000000000000000                        0.000000000000000
                      65.760930650348925                        0.000000000000000                        0.000000000000000                        0.000000000000000
                      65.902352006586241                        0.000000000000000                        0.000000000000000                        0.000000000000000
                      66.043773362823543                        0.000000000000000                        0.000000000000000                        0.000000000000000
                      66.185194719060846                        0.000000000000000                        0.000000000000000                        0.000000000000000
                      66.326616075298162                        0.000000000000000                        0.000000000000000                        0.000000000000000
                      66.468037431535478                        0.000000000000000                        0.000000000000000                        0.000000000000000
                      66.609458787772780                        0.000000000000000                        0.000000000000000                        0.000000000000000
                      66.750880144010097                        0.000000000000000                        0.000000000000000                        0.000000000000000
                      66.892301500247399                        0.000000000000000                        0.000000000000000                        0.000000000000000
                      67.033722856484701                        0.000000000000000                        0.000000000000000                        0.000000000000000
                      67.175144212722017                        0.000000000000000                        0.000000000000000                        0.000000000000000
                      67.316565568959334                        0.000000000000000                        0.000000000000000                        0.000000000000000
                      67.457986925196636                        0.000000000000000                        0.000000000000000                        0.000000000000000
                      67.599408281433938                        0.000000000000000                        0.000000000000000                        0.000000000000000
                      67.740829637671254                        0.000000000000000                        0.000000000000000                        0.000000000000000
                      67.882250993908571                        0.000000000000000                        0.000000000000000                        0.000000000000000
                      68.023672350145873                        0.000000000000000                        0.000000000000000                        0.000000000000000
                      68.165093706383189                        0.000000000000000                        0.000000000000000                        0.000000000000000
                      68.306515062620491                        0.000000000000000                        0.000000000000000                        0.000000000000000
                      68.447936418857807                        0.000000000000000                        0.000000000000000                        0.000000000000000
                      68.589357775095110                        0.000000000000000                        0.000000000000000                        0.000000000000000
                      68.730779131332426                        0.000000000000000                        0.000000000000000                        0.000000000000000
                      68.872200487569742                        0.000000000000000                        0.000000000000000                        0.000000000000000
                      69.013621843807044                        0.000000000000000                        0.000000000000000                        0.000000000000000
                      69.155043200044346                        0.000000000000000                        0.000000000000000                        0.000000000000000
                      69.296464556281663                        0.000000000000000                        0.000000000000000                        0.000000000000000
                      69.437885912518979                        0.000000000000000                        0.000000000000000                        0.000000000000000
                      69.579307268756281                        0.000000000000000                        0.000000000000000                        0.000000000000000
                      69.720728624993583                        0.000000000000000                        0.000000000000000                        0.000000000000000
                      69.862149981230900                        0.000000000000000                        0.000000000000000                        0.000000000000000
                      70.003571337468216                        0.000000000000000                        0.000000000000000                        0.000000000000000
                      70.144992693705518                        0.000000000000000                        0.000000000000000                        0.000000000000000
                      70.286414049942834                        0.000000000000000                        0.000000000000000                        0.000000000000000
                      70.427835406180137                        0.000000000000000                        0.000000000000000                        0.000000000000000
                      70.569256762417439                        0.000000000000000                        0.000000000000000                        0.000000000000000
                      70.710678118654755                        0.000000000000000                        0.000000000000000                        0.000000000000000
                      70.852099474892071                        0.000000000000000                        0.000000000000000                        0.000000000000000
                      70.993520831129374                        0.000000000000000                        0.000000000000000                        0.000000000000000
                      71.134942187366676                        0.000000000000000                        0.000000000000000                        0.000000000000000
                      71.276363543603992                        0.000000000000000                        0.000000000000000                        0.000000000000000
                      71.417784899841308                        0.000000000000000                        0.000000000000000                        0.000000000000000
                      71.559206256078610                        0.000000000000000                        0.000000000000000                        0.000000000000000
                      71.700627612315927                        0.000000000000000                        0.000000000000000                        0.000000000000000
                      71.842048968553229                        0.000000000000000                        0.000000000000000                        0.000000000000000
                      71.983470324790545                        0.000000000000000                        0.000000000000000                        0.000000000000000
                      72.124891681027847                        0.000000000000000                        0.000000000000000                        0.000000000000000
                      72.266313037265164                        0.000000000000000                        0.000000000000000                        0.000000000000000
                      72.407734393502480                        0.000000000000000                        0.000000000000000                        0.000000000000000
                      72.549155749739782                        0.000000000000000                        0.000000000000000                        0.000000000000000
                      72.690577105977084                        0.000000000000000                        0.000000000000000                        0.000000000000000
                      72.831998462214401                        0.000000000000000                        0.000000000000000                        0.000000000000000
                      72.973419818451717                        0.000000000000000                        0.000000000000000                        0.000000000000000
                      73.114841174689019                        0.000000000000000                        0.000000000000000                        0.000000000000000
                      73.256262530926321                        0.000000000000000                        0.000000000000000                        0.000000000000000
                      73.397683887163637                        0.000000000000000                        0.000000000000000                        0.000000000000000
                      73.539105243400954                        0.000000000000000                        0.000000000000000                        0.000000000000000
                      73.680526599638256                        0.000000000000000                        0.000000000000000                        0.000000000000000
                      73.821947955875572                        0.000000000000000                        0.000000000000000                        0.000000000000000
                      73.963369312112874                        0.000000000000000                        0.000000000000000                        0.000000000000000
                      74.104790668350191                        0.000000000000000                        0.000000000000000                        0.000000000000000
                      74.246212024587493                        0.000000000000000                        0.000000000000000                        0.000000000000000
                      74.387633380824809                        0.000000000000000                        0.000000000000000                        0.000000000000000
                      74.529054737062111                        0.000000000000000                        0.000000000000000                        0.000000000000000
                      74.670476093299413                        0.000000000000000                        0.000000000000000                        0.000000000000000
                      74.811897449536730                        0.000000000000000                        0.000000000000000                        0.000000000000000
                      74.953318805774046                        0.000000000000000                        0.000000000000000                        0.000000000000000
                      75.094740162011348                        0.000000000000000                        0.000000000000000                        0.000000000000000
                      75.236161518248664                        0.000000000000000                        0.000000000000000                        0.000000000000000
                      75.377582874485967                        0.000000000000000                        0.000000000000000                        0.000000000000000
                      75.519004230723283                        0.000000000000000                        0.000000000000000                        0.000000000000000
                      75.660425586960585                        0.000000000000000                        0.000000000000000                        0.000000000000000
                      75.801846943197901                        0.000000000000000                        0.000000000000000                        0.000000000000000
                      75.943268299435218                        0.000000000000000                        0.000000000000000                        0.000000000000000
                      76.084689655672520                        0.000000000000000                        0.000000000000000                        0.000000000000000
                      76.226111011909822                        0.000000000000000                        0.000000000000000                        0.000000000000000
                      76.367532368147138                        0.000000000000000                        0.000000000000000                        0.000000000000000
                      76.508953724384455                        0.000000000000000                        0.000000000000000                        0.000000000000000
                      76.650375080621757                        0.000000000000000                        0.000000000000000                        0.000000000000000
                      76.791796436859059                        0.000000000000000                        0.000000000000000                        0.000000000000000
                      76.933217793096375                        0.000000000000000                        0.000000000000000                        0.000000000000000
                      77.074639149333692                        0.000000000000000                        0.000000000000000                        0.000000000000000
                      77.216060505570994                        0.000000000000000                        0.000000000000000                        0.000000000000000
                      77.357481861808310                        0.000000000000000                        0.000000000000000                        0.000000000000000
                      77.498903218045612                        0.000000000000000                        0.000000000000000                        0.000000000000000
                      77.640324574282928                        0.000000000000000                        0.000000000000000                        0.000000000000000
                      77.781745930520231                        0.000000000000000                        0.000000000000000                        0.000000000000000
                      77.923167286757547                        0.000000000000000                        0.000000000000000                        0.000000000000000
                      78.064588642994849                        0.000000000000000                        0.000000000000000                        0.000000000000000
                      78.206009999232151                        0.000000000000000                        0.000000000000000                        0.000000000000000
                      78.347431355469467                        0.000000000000000                        0.000000000000000                        0.000000000000000
                      78.488852711706784                        0.000000000000000                        0.000000000000000                        0.000000000000000
                      78.630274067944086                        0.000000000000000                        0.000000000000000                        0.000000000000000
                      78.771695424181402                        0.000000000000000                        0.000000000000000                        0.000000000000000
                      78.913116780418704                        0.000000000000000                        0.000000000000000                        0.000000000000000
                      79.054538136656021                        0.000000000000000                        0.000000000000000                        0.000000000000000
                      79.195959492893323                        0.000000000000000                        0.000000000000000                        0.000000000000000
                      79.337380849130639                        0.000000000000000                        0.000000000000000                        0.000000000000000
                      79.478802205367955                        0.000000000000000                        0.000000000000000                        0.000000000000000
                      79.620223561605258                        0.000000000000000                        0.000000000000000                        0.000000000000000
                      79.761644917842560                        0.000000000000000                        0.000000000000000                        0.000000000000000
                      79.903066274079876                        0.000000000000000                        0.000000000000000                        0.000000000000000
                      80.044487630317192                        0.000000000000000                        0.000000000000000                        0.000000000000000
                      80.185908986554495                        0.000000000000000                        0.000000000000000                        0.000000000000000
                      80.327330342791797                        0.000000000000000                        0.000000000000000                        0.000000000000000
                      80.468751699029113                        0.000000000000000                        0.000000000000000                        0.000000000000000
                      80.610173055266429                        0.000000000000000                        0.000000000000000                        0.000000000000000
                      80.751594411503731                        0.000000000000000                        0.000000000000000                        0.000000000000000
                      80.893015767741048                        0.000000000000000                        0.000000000000000                        0.000000000000000
                      81.034437123978350                        0.000000000000000                        0.000000000000000                        0.000000000000000
                      81.175858480215666                        0.000000000000000                        0.000000000000000                        0.000000000000000
                      81.317279836452968                        0.000000000000000                        0.000000000000000                        0.000000000000000
                      81.458701192690285                        0.000000000000000                        0.000000000000000                        0.000000000000000
                      81.600122548927601                        0.000000000000000                        0.000000000000000                        0.000000000000000
                      81.741543905164889                        0.000000000000000                        0.000000000000000                        0.000000000000000
                      81.882965261402205                        0.000000000000000                        0.000000000000000                        0.000000000000000
                      82.024386617639522                        0.000000000000000                        0.000000000000000                        0.000000000000000
                      82.165807973876824                        0.000000000000000                        0.000000000000000                        0.000000000000000
                      82.307229330114140                        0.000000000000000                        0.000000000000000                        0.000000000000000
                      82.448650686351442                        0.000000000000000                        0.000000000000000                        0.000000000000000
                      82.590072042588758                        0.000000000000000                        0.000000000000000                        0.000000000000000
                      82.731493398826061                        0.000000000000000                        0.000000000000000                        0.000000000000000
                      82.872914755063377                        0.000000000000000                        0.000000000000000                        0.000000000000000
                      83.014336111300693                        0.000000000000000                        0.000000000000000                        0.000000000000000
                      83.155757467537995                        0.000000000000000                        0.000000000000000                        0.000000000000000
                      83.297178823775297                        0.000000000000000                        0.000000000000000                        0.000000000000000
                      83.438600180012614                        0.000000000000000                        0.000000000000000                        0.000000000000000
                      83.580021536249930                        0.000000000000000                        0.000000000000000                        0.000000000000000
                      83.721442892487232                        0.000000000000000                        0.000000000000000                        0.000000000000000
                      83.862864248724534                        0.000000000000000                        0.000000000000000                        0.000000000000000
                      84.004285604961851                        0.000000000000000                        0.000000000000000                        0.000000000000000
                      84.145706961199167                        0.000000000000000                        0.000000000000000                        0.000000000000000
                      84.287128317436469                        0.000000000000000                        0.000000000000000                        0.000000000000000
                      84.428549673673785                        0.000000000000000                        0.000000000000000                        0.000000000000000
                      84.569971029911088                        0.000000000000000                        0.000000000000000                        0.000000000000000
                      84.711392386148404                        0.000000000000000                        0.000000000000000                        0.000000000000000

