                     -76.367532368147138               3600637866.713011264801025                        0.000000000000000               3600637866.713011264801025
                     -76.226111011909822               3592516780.494821071624756                        0.000000000000000               3592516780.494821071624756
                     -76.084689655672520               3584750632.869606018066406                        0.000000000000000               3584750632.869606018066406
                     -75.943268299435218               3577340072.889902114868164                        0.000000000000000               3577340072.889902114868164
                     -75.801846943197901               3570284797.863101959228516                        0.000000000000000               3570284797.863101959228516
                     -75.660425586960585               3563583575.298892974853516                        0.000000000000000               3563583575.298892974853516
                     -75.519004230723283               3557234268.146978855133057                        0.000000000000000               3557234268.146978855133057
                     -75.377582874485967               3551233863.242548465728760                        0.000000000000000               3551233863.242548465728760
                     -75.236161518248664               3545578502.850079059600830                        0.000000000000000               3545578502.850079059600830
                     -75.094740162011348               3540263519.169508934020996                        0.000000000000000               3540263519.169508934020996
                     -74.953318805774046               3535283471.642991065979004                        0.000000000000000               3535283471.642991065979004
                     -74.811897449536730               3530632186.875797748565674                        0.000000000000000               3530632186.875797748565674
                     -74.670476093299413               3526302800.961829662322998                        0.000000000000000               3526302800.961829662322998
                     -74.529054737062111               3522287803.982968330383301                        0.000000000000000               3522287803.982968330383301
                     -74.387633380824809               3518579086.432530879974365                        0.000000000000000               3518579086.432530879974365
                     -74.246212024587493               3515167987.296529293060303                        0.000000000000000               3515167987.296529293060303
                     -74.104790668350191               3512045343.512695789337158                        0.000000000000000               3512045343.512695789337158
                     -73.963369312112874               3509201540.516288280487061                        0.000000000000000               3509201540.516288280487061
                     -73.821947955875572               3506626563.573820590972900                        0.000000000000000               3506626563.573820590972900
                     -73.680526599638256               3504310049.601097583770752                        0.000000000000000               3504310049.601097583770752
                     -73.539105243400954               3502241339.160283088684082                        0.000000000000000               3502241339.160283088684082
                     -73.397683887163637               3500409528.332191944122314                        0.000000000000000               3500409528.332191944122314
                     -73.256262530926321               3498803520.164520263671875                        0.000000000000000               3498803520.164520263671875
                     -73.114841174689019               3497412075.404185295104980                        0.000000000000000               3497412075.404185295104980
                     -72.973419818451717               3496223862.232166767120361                        0.000000000000000               3496223862.232166767120361
                     -72.831998462214401               3495227504.732101440429688                        0.000000000000000               3495227504.732101440429688
                     -72.690577105977084               3494411629.839112758636475                        0.000000000000000               3494411629.839112758636475
                     -72.549155749739782               3493764912.532691478729248                        0.000000000000000               3493764912.532691478729248
                     -72.407734393502480               3493276119.056720256805420                        0.000000000000000               3493276119.056720256805420
                     -72.266313037265164               3492934147.970532417297363                        0.000000000000000               3492934147.970532417297363
                     -72.124891681027847               3492728068.857052326202393                        0.000000000000000               3492728068.857052326202393
                     -71.983470324790545               3492647158.537171840667725                        0.000000000000000               3492647158.537171840667725
                     -71.842048968553229               3492680934.663336277008057                        0.000000000000000               3492680934.663336277008057
                     -71.700627612315927               3492819186.589554786682129                        0.000000000000000               3492819186.589554786682129
                     -71.559206256078610               3493052003.439363002777100                        0.000000000000000               3493052003.439363002777100
                     -71.417784899841308               3493369799.317424774169922                        0.000000000000000               3493369799.317424774169922
                     -71.276363543603992               3493763335.634193897247314                        0.000000000000000               3493763335.634193897247314
                     -71.134942187366676               3494223740.536093235015869                        0.000000000000000               3494223740.536093235015869
                     -70.993520831129374               3494742525.455801963806152                        0.000000000000000               3494742525.455801963806152
                     -70.852099474892071               3495311598.818305015563965                        0.000000000000000               3495311598.818305015563965
                     -70.710678118654755               3495923276.958061695098877                        0.000000000000000               3495923276.958061695098877
                     -70.569256762417439               3496570292.321029663085938                        0.000000000000000               3496570292.321029663085938
                     -70.427835406180137               3497245799.041965961456299                        0.000000000000000               3497245799.041965961456299
                     -70.286414049942834               3497943376.002599239349365                        0.000000000000000               3497943376.002599239349365
                     -70.144992693705518               3498657027.489569187164307                        0.000000000000000               3498657027.489569187164307
                     -70.003571337468216               3499381181.582664012908936                        0.000000000000000               3499381181.582664012908936
                     -69.862149981230900               3500110686.413660526275635                        0.000000000000000               3500110686.413660526275635
                     -69.720728624993583               3500840804.444046020507812                        0.000000000000000               3500840804.444046020507812
                     -69.579307268756281               3501567204.916141033172607                        0.000000000000000               3501567204.916141033172607
                     -69.437885912518979               3502285954.636609554290771                        0.000000000000000               3502285954.636609554290771
                     -69.296464556281663               3502993507.254118919372559                        0.000000000000000               3502993507.254118919372559
                     -69.155043200044346               3503686691.194187164306641                        0.000000000000000               3503686691.194187164306641
                     -69.013621843807044               3504362696.413868427276611                        0.000000000000000               3504362696.413868427276611
                     -68.872200487569742               3505019060.137300968170166                        0.000000000000000               3505019060.137300968170166
                     -68.730779131332426               3505653651.730095386505127                        0.000000000000000               3505653651.730095386505127
                     -68.589357775095110               3506264656.866381645202637                        0.000000000000000               3506264656.866381645202637
                     -68.447936418857807               3506850561.137117385864258                        0.000000000000000               3506850561.137117385864258
                     -68.306515062620491               3507410133.242099285125732                        0.000000000000000               3507410133.242099285125732
                     -68.165093706383189               3507942407.901166915893555                        0.000000000000000               3507942407.901166915893555
                     -68.023672350145873               3508446668.612504482269287                        0.000000000000000               3508446668.612504482269287
                     -67.882250993908571               3508922430.377743721008301                        0.000000000000000               3508922430.377743721008301
                     -67.740829637671254               3509369422.505026817321777                        0.000000000000000               3509369422.505026817321777
                     -67.599408281433938               3509787571.592272758483887                        0.000000000000000               3509787571.592272758483887
                     -67.457986925196636               3510176984.783844470977783                        0.000000000000000               3510176984.783844470977783
                     -67.316565568959334               3510537933.384602546691895                        0.000000000000000               3510537933.384602546691895
                     -67.175144212722017               3510870836.906210422515869                        0.000000000000000               3510870836.906210422515869
                     -67.033722856484701               3511176247.611450672149658                        0.000000000000000               3511176247.611450672149658
                     -66.892301500247399               3511454835.613450050354004                        0.000000000000000               3511454835.613450050354004
                     -66.750880144010097               3511707374.578059673309326                        0.000000000000000               3511707374.578059673309326
                     -66.609458787772780               3511934728.069276332855225                        0.000000000000000               3511934728.069276332855225
                     -66.468037431535478               3512137836.569657802581787                        0.000000000000000               3512137836.569657802581787
                     -66.326616075298162               3512317705.200093269348145                        0.000000000000000               3512317705.200093269348145
                     -66.185194719060846               3512475392.156189441680908                        0.000000000000000               3512475392.156189441680908
                     -66.043773362823543               3512611997.871857643127441                        0.000000000000000               3512611997.871857643127441
                     -65.902352006586241               3512728654.914578437805176                        0.000000000000000               3512728654.914578437805176
                     -65.760930650348925               3512826518.611127853393555                        0.000000000000000               3512826518.611127853393555
                     -65.619509294111609               3512906758.397459506988525                        0.000000000000000               3512906758.397459506988525
                     -65.478087937874307               3512970549.881792068481445                        0.000000000000000               3512970549.881792068481445
                     -65.336666581637004               3513019067.605864524841309                        0.000000000000000               3513019067.605864524841309
                     -65.195245225399688               3513053478.485701560974121                        0.000000000000000               3513053478.485701560974121
                     -65.053823869162372               3513074935.910136699676514                        0.000000000000000               3513074935.910136699676514
                     -64.912402512925070               3513084574.472658157348633                        0.000000000000000               3513084574.472658157348633
                     -64.770981156687753               3513083505.309981346130371                        0.000000000000000               3513083505.309981346130371
                     -64.629559800450451               3513072812.018950939178467                        0.000000000000000               3513072812.018950939178467
                     -64.488138444213135               3513053547.121995449066162                        0.000000000000000               3513053547.121995449066162
                     -64.346717087975833               3513026729.050382137298584                        0.000000000000000               3513026729.050382137298584
                     -64.205295731738516               3512993339.613834381103516                        0.000000000000000               3512993339.613834381103516
                     -64.063874375501200               3512954321.924733161926270                        0.000000000000000               3512954321.924733161926270
                     -63.922453019263905               3512910578.745103836059570                        0.000000000000000               3512910578.745103836059570
                     -63.781031663026596               3512862971.224723815917969                        0.000000000000000               3512862971.224723815917969
                     -63.639610306789280               3512812317.999193668365479                        0.000000000000000               3512812317.999193668365479
                     -63.498188950551970               3512759394.617398738861084                        0.000000000000000               3512759394.617398738861084
                     -63.356767594314661               3512704933.268619060516357                        0.000000000000000               3512704933.268619060516357
                     -63.215346238077359               3512649622.780498504638672                        0.000000000000000               3512649622.780498504638672
                     -63.073924881840043               3512594108.860169887542725                        0.000000000000000               3512594108.860169887542725
                     -62.932503525602733               3512538994.552038192749023                        0.000000000000000               3512538994.552038192749023
                     -62.791082169365424               3512484840.886959552764893                        0.000000000000000               3512484840.886959552764893
                     -62.649660813128108               3512432167.698928833007812                        0.000000000000000               3512432167.698928833007812
                     -62.508239456890813               3512381454.586712837219238                        0.000000000000000               3512381454.586712837219238
                     -62.366818100653497               3512333141.999322414398193                        0.000000000000000               3512333141.999322414398193
                     -62.225396744416187               3512287632.425586223602295                        0.000000000000000               3512287632.425586223602295
                     -62.083975388178878               3512245291.669526576995850                        0.000000000000000               3512245291.669526576995850
                     -61.942554031941562               3512206450.194606304168701                        0.000000000000000               3512206450.194606304168701
                     -61.801132675704260               3512171404.521346092224121                        0.000000000000000               3512171404.521346092224121
                     -61.659711319466950               3512140418.664067268371582                        0.000000000000000               3512140418.664067268371582
                     -61.518289963229641               3512113725.593907833099365                        0.000000000000000               3512113725.593907833099365
                     -61.376868606992325               3512091528.716434001922607                        0.000000000000000               3512091528.716434001922607
                     -61.235447250755016               3512074003.353418350219727                        0.000000000000000               3512074003.353418350219727
                     -61.094025894517713               3512061298.219482421875000                        0.000000000000000               3512061298.219482421875000
                     -60.952604538280404               3512053536.885385990142822                        0.000000000000000               3512053536.885385990142822
                     -60.811183182043088               3512050819.220767021179199                        0.000000000000000               3512050819.220767021179199
                     -60.669761825805779               3512053222.810110569000244                        0.000000000000000               3512053222.810110569000244
                     -60.528340469568469               3512060804.336590290069580                        0.000000000000000               3512060804.336590290069580
                     -60.386919113331167               3512073600.929299831390381                        0.000000000000000               3512073600.929299831390381
                     -60.245497757093858               3512091631.470117568969727                        0.000000000000000               3512091631.470117568969727
                     -60.104076400856542               3512114897.857197284698486                        0.000000000000000               3512114897.857197284698486
                     -59.962655044619233               3512143386.222677707672119                        0.000000000000000               3512143386.222677707672119
                     -59.821233688381923               3512177068.102854728698730                        0.000000000000000               3512177068.102854728698730
                     -59.679812332144621               3512215901.559509277343750                        0.000000000000000               3512215901.559509277343750
                     -59.538390975907305               3512259832.251654148101807                        0.000000000000000               3512259832.251654148101807
                     -59.396969619669996               3512308794.457310199737549                        0.000000000000000               3512308794.457310199737549
                     -59.255548263432686               3512362712.045351028442383                        0.000000000000000               3512362712.045351028442383
                     -59.114126907195370               3512421499.397757530212402                        0.000000000000000               3512421499.397757530212402
                     -58.972705550958075               3512485062.282946109771729                        0.000000000000000               3512485062.282946109771729
                     -58.831284194720759               3512553298.681032657623291                        0.000000000000000               3512553298.681032657623291
                     -58.689862838483450               3512626099.562165737152100                        0.000000000000000               3512626099.562165737152100
                     -58.548441482246140               3512703349.619193077087402                        0.000000000000000               3512703349.619193077087402
                     -58.407020126008824               3512784927.956098556518555                        0.000000000000000               3512784927.956098556518555
                     -58.265598769771522               3512870708.733736038208008                        0.000000000000000               3512870708.733736038208008
                     -58.124177413534213               3512960561.774529457092285                        0.000000000000000               3512960561.774529457092285
                     -57.982756057296903               3513054353.127806663513184                        0.000000000000000               3513054353.127806663513184
                     -57.841334701059587               3513151945.597546577453613                        0.000000000000000               3513151945.597546577453613
                     -57.699913344822278               3513253199.234285831451416                        0.000000000000000               3513253199.234285831451416
                     -57.558491988584976               3513357971.793005943298340                        0.000000000000000               3513357971.793005943298340
                     -57.417070632347667               3513466119.158750534057617                        0.000000000000000               3513466119.158750534057617
                     -57.275649276110350               3513577495.741761684417725                        0.000000000000000               3513577495.741761684417725
                     -57.134227919873041               3513691954.843850135803223                        0.000000000000000               3513691954.843850135803223
                     -56.992806563635732               3513809348.997726440429688                        0.000000000000000               3513809348.997726440429688
                     -56.851385207398430               3513929530.280904769897461                        0.000000000000000               3513929530.280904769897461
                     -56.709963851161120               3514052350.605820178985596                        0.000000000000000               3514052350.605820178985596
                     -56.568542494923804               3514177661.987668514251709                        0.000000000000000               3514177661.987668514251709
                     -56.427121138686495               3514305316.791461467742920                        0.000000000000000               3514305316.791461467742920
                     -56.285699782449186               3514435167.959713459014893                        0.000000000000000               3514435167.959713459014893
                     -56.144278426211883               3514567069.222098827362061                        0.000000000000000               3514567069.222098827362061
                     -56.002857069974567               3514700875.288347721099854                        0.000000000000000               3514700875.288347721099854
                     -55.861435713737258               3514836442.025613307952881                        0.000000000000000               3514836442.025613307952881
                     -55.720014357499949               3514973626.621420383453369                        0.000000000000000               3514973626.621420383453369
                     -55.578593001262632               3515112287.733278751373291                        0.000000000000000               3515112287.733278751373291
                     -55.437171645025330               3515252285.625954627990723                        0.000000000000000               3515252285.625954627990723
                     -55.295750288788021               3515393482.297332286834717                        0.000000000000000               3515393482.297332286834717
                     -55.154328932550712               3515535741.593746185302734                        0.000000000000000               3515535741.593746185302734
                     -55.012907576313403               3515678929.315566062927246                        0.000000000000000               3515678929.315566062927246
                     -54.871486220076086               3515822913.313801288604736                        0.000000000000000               3515822913.313801288604736
                     -54.730064863838784               3515967563.578403472900391                        0.000000000000000               3515967563.578403472900391
                     -54.588643507601475               3516112752.318891525268555                        0.000000000000000               3516112752.318891525268555
                     -54.447222151364166               3516258354.037896156311035                        0.000000000000000               3516258354.037896156311035
                     -54.305800795126849               3516404245.598127365112305                        0.000000000000000               3516404245.598127365112305
                     -54.164379438889540               3516550306.283282279968262                        0.000000000000000               3516550306.283282279968262
                     -54.022958082652238               3516696417.853289127349854                        0.000000000000000               3516696417.853289127349854
                     -53.881536726414929               3516842464.594334602355957                        0.000000000000000               3516842464.594334602355957
                     -53.740115370177612               3516988333.363985538482666                        0.000000000000000               3516988333.363985538482666
                     -53.598694013940303               3517133913.631770133972168                        0.000000000000000               3517133913.631770133972168
                     -53.457272657702994               3517279097.515480041503906                        0.000000000000000               3517279097.515480041503906
                     -53.315851301465692               3517423779.813475608825684                        0.000000000000000               3517423779.813475608825684
                     -53.174429945228383               3517567858.033220767974854                        0.000000000000000               3517567858.033220767974854
                     -53.033008588991066               3517711232.416250228881836                        0.000000000000000               3517711232.416250228881836
                     -52.891587232753757               3517853805.959768772125244                        0.000000000000000               3517853805.959768772125244
                     -52.750165876516448               3517995484.435044288635254                        0.000000000000000               3517995484.435044288635254
                     -52.608744520279146               3518136176.402725219726562                        0.000000000000000               3518136176.402725219726562
                     -52.467323164041829               3518275793.225248336791992                        0.000000000000000               3518275793.225248336791992
                     -52.325901807804520               3518414249.076421260833740                        0.000000000000000               3518414249.076421260833740
                     -52.184480451567211               3518551460.948295116424561                        0.000000000000000               3518551460.948295116424561
                     -52.043059095329895               3518687348.655426025390625                        0.000000000000000               3518687348.655426025390625
                     -51.901637739092592               3518821834.836599349975586                        0.000000000000000               3518821834.836599349975586
                     -51.760216382855283               3518954844.954091072082520                        0.000000000000000               3518954844.954091072082520
                     -51.618795026617974               3519086307.290544986724854                        0.000000000000000               3519086307.290544986724854
                     -51.477373670380665               3519216152.943511962890625                        0.000000000000000               3519216152.943511962890625
                     -51.335952314143348               3519344315.817718982696533                        0.000000000000000               3519344315.817718982696533
                     -51.194530957906046               3519470732.615110874176025                        0.000000000000000               3519470732.615110874176025
                     -51.053109601668737               3519595342.822729587554932                        0.000000000000000               3519595342.822729587554932
                     -50.911688245431428               3519718088.698462486267090                        0.000000000000000               3519718088.698462486267090
                     -50.770266889194112               3519838915.254714012145996                        0.000000000000000               3519838915.254714012145996
                     -50.628845532956802               3519957770.240044593811035                        0.000000000000000               3519957770.240044593811035
                     -50.487424176719500               3520074604.118823528289795                        0.000000000000000               3520074604.118823528289795
                     -50.346002820482191               3520189370.048936843872070                        0.000000000000000               3520189370.048936843872070
                     -50.204581464244875               3520302023.857590675354004                        0.000000000000000               3520302023.857590675354004
                     -50.063160108007565               3520412524.015281677246094                        0.000000000000000               3520412524.015281677246094
                     -49.921738751770256               3520520831.607936382293701                        0.000000000000000               3520520831.607936382293701
                     -49.780317395532954               3520626910.307313442230225                        0.000000000000000               3520626910.307313442230225
                     -49.638896039295645               3520730726.339697360992432                        0.000000000000000               3520730726.339697360992432
                     -49.497474683058329               3520832248.452929019927979                        0.000000000000000               3520832248.452929019927979
                     -49.356053326821019               3520931447.881844520568848                        0.000000000000000               3520931447.881844520568848
                     -49.214631970583710               3521028298.312160491943359                        0.000000000000000               3521028298.312160491943359
                     -49.073210614346408               3521122775.842874526977539                        0.000000000000000               3521122775.842874526977539
                     -48.931789258109092               3521214858.947235107421875                        0.000000000000000               3521214858.947235107421875
                     -48.790367901871782               3521304528.432337760925293                        0.000000000000000               3521304528.432337760925293
                     -48.648946545634473               3521391767.397416114807129                        0.000000000000000               3521391767.397416114807129
                     -48.507525189397157               3521476561.190888881683350                        0.000000000000000               3521476561.190888881683350
                     -48.366103833159855               3521558897.366222381591797                        0.000000000000000               3521558897.366222381591797
                     -48.224682476922546               3521638765.636682510375977                        0.000000000000000               3521638765.636682510375977
                     -48.083261120685236               3521716157.829046249389648                        0.000000000000000               3521716157.829046249389648
                     -47.941839764447920               3521791067.836326599121094                        0.000000000000000               3521791067.836326599121094
                     -47.800418408210611               3521863491.569594383239746                        0.000000000000000               3521863491.569594383239746
                     -47.658997051973309               3521933426.908968448638916                        0.000000000000000               3521933426.908968448638916
                     -47.517575695735999               3522000873.653827667236328                        0.000000000000000               3522000873.653827667236328
                     -47.376154339498690               3522065833.472338676452637                        0.000000000000000               3522065833.472338676452637
                     -47.234732983261374               3522128309.850359439849854                        0.000000000000000               3522128309.850359439849854
                     -47.093311627024065               3522188308.039781093597412                        0.000000000000000               3522188308.039781093597412
                     -46.951890270786762               3522245835.006403446197510                        0.000000000000000               3522245835.006403446197510
                     -46.810468914549453               3522300899.377394676208496                        0.000000000000000               3522300899.377394676208496
                     -46.669047558312137               3522353511.388417720794678                        0.000000000000000               3522353511.388417720794678
                     -46.527626202074828               3522403682.830482959747314                        0.000000000000000               3522403682.830482959747314
                     -46.386204845837518               3522451426.996609687805176                        0.000000000000000               3522451426.996609687805176
                     -46.244783489600216               3522496758.628357887268066                        0.000000000000000               3522496758.628357887268066
                     -46.103362133362907               3522539693.862297534942627                        0.000000000000000               3522539693.862297534942627
                     -45.961940777125591               3522580250.176486968994141                        0.000000000000000               3522580250.176486968994141
                     -45.820519420888282               3522618446.337021350860596                        0.000000000000000               3522618446.337021350860596
                     -45.679098064650972               3522654302.344709873199463                        0.000000000000000               3522654302.344709873199463
                     -45.537676708413670               3522687839.381963253021240                        0.000000000000000               3522687839.381963253021240
                     -45.396255352176354               3522719079.759929180145264                        0.000000000000000               3522719079.759929180145264
                     -45.254833995939045               3522748046.865947246551514                        0.000000000000000               3522748046.865947246551514
                     -45.113412639701735               3522774765.111379623413086                        0.000000000000000               3522774765.111379623413086
                     -44.971991283464426               3522799259.879878997802734                        0.000000000000000               3522799259.879878997802734
                     -44.830569927227117               3522821557.476117610931396                        0.000000000000000               3522821557.476117610931396
                     -44.689148570989808               3522841685.075072765350342                        0.000000000000000               3522841685.075072765350342
                     -44.547727214752499               3522859670.671889781951904                        0.000000000000000               3522859670.671889781951904
                     -44.406305858515182               3522875543.032363414764404                        0.000000000000000               3522875543.032363414764404
                     -44.264884502277880               3522889331.644106864929199                        0.000000000000000               3522889331.644106864929199
                     -44.123463146040571               3522901066.668435096740723                        0.000000000000000               3522901066.668435096740723
                     -43.982041789803262               3522910778.892996311187744                        0.000000000000000               3522910778.892996311187744
                     -43.840620433565952               3522918499.685211181640625                        0.000000000000000               3522918499.685211181640625
                     -43.699199077328636               3522924260.946533203125000                        0.000000000000000               3522924260.946533203125000
                     -43.557777721091334               3522928095.067574024200439                        0.000000000000000               3522928095.067574024200439
                     -43.416356364854018               3522930034.884125709533691                        0.000000000000000               3522930034.884125709533691
                     -43.274935008616715               3522930113.634099483489990                        0.000000000000000               3522930113.634099483489990
                     -43.133513652379399               3522928364.915422916412354                        0.000000000000000               3522928364.915422916412354
                     -42.992092296142090               3522924822.644897460937500                        0.000000000000000               3522924822.644897460937500
                     -42.850670939904781               3522919521.018062591552734                        0.000000000000000               3522919521.018062591552734
                     -42.709249583667471               3522912494.470061302185059                        0.000000000000000               3522912494.470061302185059
                     -42.567828227430169               3522903777.637544155120850                        0.000000000000000               3522903777.637544155120850
                     -42.426406871192853               3522893405.321617126464844                        0.000000000000000               3522893405.321617126464844
                     -42.284985514955544               3522881412.451847076416016                        0.000000000000000               3522881412.451847076416016
                     -42.143564158718235               3522867834.051334857940674                        0.000000000000000               3522867834.051334857940674
                     -42.002142802480925               3522852705.202868461608887                        0.000000000000000               3522852705.202868461608887
                     -41.860721446243616               3522836061.016162395477295                        0.000000000000000               3522836061.016162395477295
                     -41.719300090006307               3522817936.596180915832520                        0.000000000000000               3522817936.596180915832520
                     -41.577878733768998               3522798367.012553691864014                        0.000000000000000               3522798367.012553691864014
                     -41.436457377531688               3522777387.270097255706787                        0.000000000000000               3522777387.270097255706787
                     -41.295036021294379               3522755032.280409336090088                        0.000000000000000               3522755032.280409336090088
                     -41.153614665057070               3522731336.834573745727539                        0.000000000000000               3522731336.834573745727539
                     -41.012193308819761               3522706335.576933860778809                        0.000000000000000               3522706335.576933860778809
                     -40.870771952582444               3522680062.979963779449463                        0.000000000000000               3522680062.979963779449463
                     -40.729350596345142               3522652553.320199966430664                        0.000000000000000               3522652553.320199966430664
                     -40.587929240107833               3522623840.655247211456299                        0.000000000000000               3522623840.655247211456299
                     -40.446507883870524               3522593958.801840782165527                        0.000000000000000               3522593958.801840782165527
                     -40.305086527633215               3522562941.314949989318848                        0.000000000000000               3522562941.314949989318848
                     -40.163665171395898               3522530821.467918395996094                        0.000000000000000               3522530821.467918395996094
                     -40.022243815158596               3522497632.233620166778564                        0.000000000000000               3522497632.233620166778564
                     -39.880822458921280               3522463406.266629219055176                        0.000000000000000               3522463406.266629219055176
                     -39.739401102683978               3522428175.886374473571777                        0.000000000000000               3522428175.886374473571777
                     -39.597979746446661               3522391973.061263561248779                        0.000000000000000               3522391973.061263561248779
                     -39.456558390209352               3522354829.393781661987305                        0.000000000000000               3522354829.393781661987305
                     -39.315137033972043               3522316776.106505870819092                        0.000000000000000               3522316776.106505870819092
                     -39.173715677734734               3522277844.029060840606689                        0.000000000000000               3522277844.029060840606689
                     -39.032294321497425               3522238063.585965633392334                        0.000000000000000               3522238063.585965633392334
                     -38.890872965260115               3522197464.785363674163818                        0.000000000000000               3522197464.785363674163818
                     -38.749451609022806               3522156077.208618164062500                        0.000000000000000               3522156077.208618164062500
                     -38.608030252785497               3522113930.000742435455322                        0.000000000000000               3522113930.000742435455322
                     -38.466608896548188               3522071051.861651420593262                        0.000000000000000               3522071051.861651420593262
                     -38.325187540310878               3522027471.038217544555664                        0.000000000000000               3522027471.038217544555664
                     -38.183766184073569               3521983215.317088127136230                        0.000000000000000               3521983215.317088127136230
                     -38.042344827836260               3521938312.018274307250977                        0.000000000000000               3521938312.018274307250977
                     -37.900923471598951               3521892787.989454746246338                        0.000000000000000               3521892787.989454746246338
                     -37.759502115361641               3521846669.600997924804688                        0.000000000000000               3521846669.600997924804688
                     -37.618080759124332               3521799982.741671562194824                        0.000000000000000               3521799982.741671562194824
                     -37.476659402887023               3521752752.815004348754883                        0.000000000000000               3521752752.815004348754883
                     -37.335238046649707               3521705004.736300468444824                        0.000000000000000               3521705004.736300468444824
                     -37.193816690412405               3521656762.930268764495850                        0.000000000000000               3521656762.930268764495850
                     -37.052395334175095               3521608051.329240798950195                        0.000000000000000               3521608051.329240798950195
                     -36.910973977937786               3521558893.371973991394043                        0.000000000000000               3521558893.371973991394043
                     -36.769552621700477               3521509312.002988815307617                        0.000000000000000               3521509312.002988815307617
                     -36.628131265463161               3521459329.672451019287109                        0.000000000000000               3521459329.672451019287109
                     -36.486709909225858               3521408968.336552143096924                        0.000000000000000               3521408968.336552143096924
                     -36.345288552988542               3521358249.458366394042969                        0.000000000000000               3521358249.458366394042969
                     -36.203867196751240               3521307194.009187221527100                        0.000000000000000               3521307194.009187221527100
                     -36.062445840513924               3521255822.470293998718262                        0.000000000000000               3521255822.470293998718262
                     -35.921024484276614               3521204154.835139751434326                        0.000000000000000               3521204154.835139751434326
                     -35.779603128039305               3521152210.611939907073975                        0.000000000000000               3521152210.611939907073975
                     -35.638181771801996               3521100008.826645851135254                        0.000000000000000               3521100008.826645851135254
                     -35.496760415564687               3521047568.026268959045410                        0.000000000000000               3521047568.026268959045410
                     -35.355339059327378               3520994906.282552242279053                        0.000000000000000               3520994906.282552242279053
                     -35.213917703090068               3520942041.195957183837891                        0.000000000000000               3520942041.195957183837891
                     -35.072496346852759               3520888989.899959564208984                        0.000000000000000               3520888989.899959564208984
                     -34.931074990615450               3520835769.065619468688965                        0.000000000000000               3520835769.065619468688965
                     -34.789653634378141               3520782394.906426429748535                        0.000000000000000               3520782394.906426429748535
                     -34.648232278140831               3520728883.183388233184814                        0.000000000000000               3520728883.183388233184814
                     -34.506810921903522               3520675249.210351943969727                        0.000000000000000               3520675249.210351943969727
                     -34.365389565666213               3520621507.859539508819580                        0.000000000000000               3520621507.859539508819580
                     -34.223968209428904               3520567673.567284107208252                        0.000000000000000               3520567673.567284107208252
                     -34.082546853191594               3520513760.339946269989014                        0.000000000000000               3520513760.339946269989014
                     -33.941125496954285               3520459781.760003566741943                        0.000000000000000               3520459781.760003566741943
                     -33.799704140716969               3520405750.992283344268799                        0.000000000000000               3520405750.992283344268799
                     -33.658282784479667               3520351680.790350437164307                        0.000000000000000               3520351680.790350437164307
                     -33.516861428242350               3520297583.503002643585205                        0.000000000000000               3520297583.503002643585205
                     -33.375440072005048               3520243471.080894947052002                        0.000000000000000               3520243471.080894947052002
                     -33.234018715767739               3520189355.083247184753418                        0.000000000000000               3520189355.083247184753418
                     -33.092597359530423               3520135246.684655666351318                        0.000000000000000               3520135246.684655666351318
                     -32.951176003293121               3520081156.681961059570312                        0.000000000000000               3520081156.681961059570312
                     -32.809754647055804               3520027095.501201152801514                        0.000000000000000               3520027095.501201152801514
                     -32.668333290818502               3519973073.204597949981689                        0.000000000000000               3519973073.204597949981689
                     -32.526911934581186               3519919099.497596740722656                        0.000000000000000               3519919099.497596740722656
                     -32.385490578343877               3519865183.735938549041748                        0.000000000000000               3519865183.735938549041748
                     -32.244069222106567               3519811334.932749271392822                        0.000000000000000               3519811334.932749271392822
                     -32.102647865869258               3519757561.765646457672119                        0.000000000000000               3519757561.765646457672119
                     -31.961226509631953               3519703872.583850860595703                        0.000000000000000               3519703872.583850860595703
                     -31.819805153394640               3519650275.415295600891113                        0.000000000000000               3519650275.415295600891113
                     -31.678383797157331               3519596777.973719596862793                        0.000000000000000               3519596777.973719596862793
                     -31.536962440920021               3519543387.665747165679932                        0.000000000000000               3519543387.665747165679932
                     -31.395541084682712               3519490111.597934722900391                        0.000000000000000               3519490111.597934722900391
                     -31.254119728445406               3519436956.583797454833984                        0.000000000000000               3519436956.583797454833984
                     -31.112698372208094               3519383929.150780677795410                        0.000000000000000               3519383929.150780677795410
                     -30.971277015970781               3519331035.547200679779053                        0.000000000000000               3519331035.547200679779053
                     -30.829855659733475               3519278281.749125480651855                        0.000000000000000               3519278281.749125480651855
                     -30.688434303496162               3519225673.467201232910156                        0.000000000000000               3519225673.467201232910156
                     -30.547012947258857               3519173216.153420925140381                        0.000000000000000               3519173216.153420925140381
                     -30.405591591021544               3519120915.007828235626221                        0.000000000000000               3519120915.007828235626221
                     -30.264170234784235               3519068774.985139846801758                        0.000000000000000               3519068774.985139846801758
                     -30.122748878546929               3519016800.801311492919922                        0.000000000000000               3519016800.801311492919922
                     -29.981327522309616               3518964996.940013408660889                        0.000000000000000               3518964996.940013408660889
                     -29.839906166072311               3518913367.659029960632324                        0.000000000000000               3518913367.659029960632324
                     -29.698484809834998               3518861916.996572971343994                        0.000000000000000               3518861916.996572971343994
                     -29.557063453597685               3518810648.777509212493896                        0.000000000000000               3518810648.777509212493896
                     -29.415642097360379               3518759566.619493484497070                        0.000000000000000               3518759566.619493484497070
                     -29.274220741123070               3518708673.939022064208984                        0.000000000000000               3518708673.939022064208984
                     -29.132799384885761               3518657973.957374572753906                        0.000000000000000               3518657973.957374572753906
                     -28.991378028648452               3518607469.706475257873535                        0.000000000000000               3518607469.706475257873535
                     -28.849956672411139               3518557164.034642219543457                        0.000000000000000               3518557164.034642219543457
                     -28.708535316173833               3518507059.612253665924072                        0.000000000000000               3518507059.612253665924072
                     -28.567113959936520               3518457158.937294006347656                        0.000000000000000               3518457158.937294006347656
                     -28.425692603699215               3518407464.340817928314209                        0.000000000000000               3518407464.340817928314209
                     -28.284271247461902               3518357977.992295265197754                        0.000000000000000               3518357977.992295265197754
                     -28.142849891224593               3518308701.904863834381104                        0.000000000000000               3518308701.904863834381104
                     -28.001428534987284               3518259637.940471649169922                        0.000000000000000               3518259637.940471649169922
                     -27.860007178749974               3518210787.814918041229248                        0.000000000000000               3518210787.814918041229248
                     -27.718585822512665               3518162153.102787017822266                        0.000000000000000               3518162153.102787017822266
                     -27.577164466275356               3518113735.242281913757324                        0.000000000000000               3518113735.242281913757324
                     -27.435743110038043               3518065535.539949417114258                        0.000000000000000               3518065535.539949417114258
                     -27.294321753800737               3518017555.175300121307373                        0.000000000000000               3518017555.175300121307373
                     -27.152900397563425               3517969795.205325126647949                        0.000000000000000               3517969795.205325126647949
                     -27.011479041326119               3517922256.568913459777832                        0.000000000000000               3517922256.568913459777832
                     -26.870057685088806               3517874940.091157436370850                        0.000000000000000               3517874940.091157436370850
                     -26.728636328851497               3517827846.487560749053955                        0.000000000000000               3517827846.487560749053955
                     -26.587214972614191               3517780976.368146419525146                        0.000000000000000               3517780976.368146419525146
                     -26.445793616376879               3517734330.241455078125000                        0.000000000000000               3517734330.241455078125000
                     -26.304372260139573               3517687908.518451690673828                        0.000000000000000               3517687908.518451690673828
                     -26.162950903902260               3517641711.516330718994141                        0.000000000000000               3517641711.516330718994141
                     -26.021529547664947               3517595739.462214469909668                        0.000000000000000               3517595739.462214469909668
                     -25.880108191427642               3517549992.496770858764648                        0.000000000000000               3517549992.496770858764648
                     -25.738686835190332               3517504470.677714347839355                        0.000000000000000               3517504470.677714347839355
                     -25.597265478953023               3517459173.983228206634521                        0.000000000000000               3517459173.983228206634521
                     -25.455844122715714               3517414102.315288066864014                        0.000000000000000               3517414102.315288066864014
                     -25.314422766478401               3517369255.502884387969971                        0.000000000000000               3517369255.502884387969971
                     -25.173001410241095               3517324633.305169105529785                        0.000000000000000               3517324633.305169105529785
                     -25.031580054003783               3517280235.414502143859863                        0.000000000000000               3517280235.414502143859863
                     -24.890158697766477               3517236061.459406375885010                        0.000000000000000               3517236061.459406375885010
                     -24.748737341529164               3517192111.007449626922607                        0.000000000000000               3517192111.007449626922607
                     -24.607315985291855               3517148383.568024158477783                        0.000000000000000               3517148383.568024158477783
                     -24.465894629054546               3517104878.595053672790527                        0.000000000000000               3517104878.595053672790527
                     -24.324473272817237               3517061595.489617824554443                        0.000000000000000               3517061595.489617824554443
                     -24.183051916579927               3517018533.602484226226807                        0.000000000000000               3517018533.602484226226807
                     -24.041630560342618               3516975692.236575603485107                        0.000000000000000               3516975692.236575603485107
                     -23.900209204105305               3516933070.649350643157959                        0.000000000000000               3516933070.649350643157959
                     -23.758787847868000               3516890668.055106163024902                        0.000000000000000               3516890668.055106163024902
                     -23.617366491630687               3516848483.627213478088379                        0.000000000000000               3516848483.627213478088379
                     -23.475945135393381               3516806516.500277042388916                        0.000000000000000               3516806516.500277042388916
                     -23.334523779156068               3516764765.772210121154785                        0.000000000000000               3516764765.772210121154785
                     -23.193102422918759               3516723230.506264209747314                        0.000000000000000               3516723230.506264209747314
                     -23.051681066681454               3516681909.732966899871826                        0.000000000000000               3516681909.732966899871826
                     -22.910259710444141               3516640802.452008724212646                        0.000000000000000               3516640802.452008724212646
                     -22.768838354206835               3516599907.634051322937012                        0.000000000000000               3516599907.634051322937012
                     -22.627416997969522               3516559224.222480297088623                        0.000000000000000               3516559224.222480297088623
                     -22.485995641732213               3516518751.135097980499268                        0.000000000000000               3516518751.135097980499268
                     -22.344574285494904               3516478487.265747070312500                        0.000000000000000               3516478487.265747070312500
                     -22.203152929257591               3516438431.485876083374023                        0.000000000000000               3516438431.485876083374023
                     -22.061731573020285               3516398582.646052837371826                        0.000000000000000               3516398582.646052837371826
                     -21.920310216782976               3516358939.577415466308594                        0.000000000000000               3516358939.577415466308594
                     -21.778888860545667               3516319501.093073844909668                        0.000000000000000               3516319501.093073844909668
                     -21.637467504308358               3516280265.989450454711914                        0.000000000000000               3516280265.989450454711914
                     -21.496046148071045               3516241233.047573566436768                        0.000000000000000               3516241233.047573566436768
                     -21.354624791833736               3516202401.034323215484619                        0.000000000000000               3516202401.034323215484619
                     -21.213203435596427               3516163768.703615665435791                        0.000000000000000               3516163768.703615665435791
                     -21.071782079359117               3516125334.797555446624756                        0.000000000000000               3516125334.797555446624756
                     -20.930360723121808               3516087098.047526836395264                        0.000000000000000               3516087098.047526836395264
                     -20.788939366884499               3516049057.175249099731445                        0.000000000000000               3516049057.175249099731445
                     -20.647518010647190               3516011210.893782138824463                        0.000000000000000               3516011210.893782138824463
                     -20.506096654409880               3515973557.908495426177979                        0.000000000000000               3515973557.908495426177979
                     -20.364675298172571               3515936096.917985916137695                        0.000000000000000               3515936096.917985916137695
                     -20.223253941935262               3515898826.614963054656982                        0.000000000000000               3515898826.614963054656982
                     -20.081832585697949               3515861745.687094688415527                        0.000000000000000               3515861745.687094688415527
                     -19.940411229460640               3515824852.817809104919434                        0.000000000000000               3515824852.817809104919434
                     -19.798989873223331               3515788146.687067508697510                        0.000000000000000               3515788146.687067508697510
                     -19.657568516986021               3515751625.972094535827637                        0.000000000000000               3515751625.972094535827637
                     -19.516147160748712               3515715289.348074436187744                        0.000000000000000               3515715289.348074436187744
                     -19.374725804511403               3515679135.488822460174561                        0.000000000000000               3515679135.488822460174561
                     -19.233304448274094               3515643163.067408084869385                        0.000000000000000               3515643163.067408084869385
                     -19.091883092036785               3515607370.756764888763428                        0.000000000000000               3515607370.756764888763428
                     -18.950461735799475               3515571757.230252265930176                        0.000000000000000               3515571757.230252265930176
                     -18.809040379562166               3515536321.162200450897217                        0.000000000000000               3515536321.162200450897217
                     -18.667619023324853               3515501061.228422641754150                        0.000000000000000               3515501061.228422641754150
                     -18.526197667087548               3515465976.106696128845215                        0.000000000000000               3515465976.106696128845215
                     -18.384776310850238               3515431064.477224826812744                        0.000000000000000               3515431064.477224826812744
                     -18.243354954612929               3515396325.023061752319336                        0.000000000000000               3515396325.023061752319336
                     -18.101933598375620               3515361756.430528640747070                        0.000000000000000               3515361756.430528640747070
                     -17.960512242138307               3515327357.389585018157959                        0.000000000000000               3515327357.389585018157959
                     -17.819090885900998               3515293126.594196319580078                        0.000000000000000               3515293126.594196319580078
                     -17.677669529663689               3515259062.742663383483887                        0.000000000000000               3515259062.742663383483887
                     -17.536248173426380               3515225164.537943840026855                        0.000000000000000               3515225164.537943840026855
                     -17.394826817189070               3515191430.687938213348389                        0.000000000000000               3515191430.687938213348389
                     -17.253405460951761               3515157859.905768871307373                        0.000000000000000               3515157859.905768871307373
                     -17.111984104714452               3515124450.910029411315918                        0.000000000000000               3515124450.910029411315918
                     -16.970562748477143               3515091202.425018310546875                        0.000000000000000               3515091202.425018310546875
                     -16.829141392239833               3515058113.180960178375244                        0.000000000000000               3515058113.180960178375244
                     -16.687720036002524               3515025181.914196968078613                        0.000000000000000               3515025181.914196968078613
                     -16.546298679765211               3514992407.367372035980225                        0.000000000000000               3514992407.367372035980225
                     -16.404877323527902               3514959788.289596557617188                        0.000000000000000               3514959788.289596557617188
                     -16.263455967290593               3514927323.436594009399414                        0.000000000000000               3514927323.436594009399414
                     -16.122034611053284               3514895011.570834636688232                        0.000000000000000               3514895011.570834636688232
                     -15.980613254815976               3514862851.461656093597412                        0.000000000000000               3514862851.461656093597412
                     -15.839191898578665               3514830841.885361671447754                        0.000000000000000               3514830841.885361671447754
                     -15.697770542341356               3514798981.625317573547363                        0.000000000000000               3514798981.625317573547363
                     -15.556349186104047               3514767269.472022533416748                        0.000000000000000               3514767269.472022533416748
                     -15.414927829866738               3514735704.223176479339600                        0.000000000000000               3514735704.223176479339600
                     -15.273506473629428               3514704284.683728218078613                        0.000000000000000               3514704284.683728218078613
                     -15.132085117392117               3514673009.665916442871094                        0.000000000000000               3514673009.665916442871094
                     -14.990663761154808               3514641877.989296436309814                        0.000000000000000               3514641877.989296436309814
                     -14.849242404917499               3514610888.480755805969238                        0.000000000000000               3514610888.480755805969238
                     -14.707821048680190               3514580039.974519729614258                        0.000000000000000               3514580039.974519729614258
                     -14.566399692442880               3514549331.312147140502930                        0.000000000000000               3514549331.312147140502930
                     -14.424978336205569               3514518761.342513561248779                        0.000000000000000               3514518761.342513561248779
                     -14.283556979968260               3514488328.921786308288574                        0.000000000000000               3514488328.921786308288574
                     -14.142135623730951               3514458032.913388729095459                        0.000000000000000               3514458032.913388729095459
                     -14.000714267493642               3514427872.187956333160400                        0.000000000000000               3514427872.187956333160400
                     -13.859292911256333               3514397845.623285770416260                        0.000000000000000               3514397845.623285770416260
                     -13.717871555019022               3514367952.104267120361328                        0.000000000000000               3514367952.104267120361328
                     -13.576450198781712               3514338190.522820949554443                        0.000000000000000               3514338190.522820949554443
                     -13.435028842544403               3514308559.777812004089355                        0.000000000000000               3514308559.777812004089355
                     -13.293607486307096               3514279058.774970054626465                        0.000000000000000               3514279058.774970054626465
                     -13.152186130069786               3514249686.426788806915283                        0.000000000000000               3514249686.426788806915283
                     -13.010764773832474               3514220441.652426242828369                        0.000000000000000               3514220441.652426242828369
                     -12.869343417595166               3514191323.377598762512207                        0.000000000000000               3514191323.377598762512207
                     -12.727922061357857               3514162330.534455299377441                        0.000000000000000               3514162330.534455299377441
                     -12.586500705120548               3514133462.061465740203857                        0.000000000000000               3514133462.061465740203857
                     -12.445079348883239               3514104716.903275966644287                        0.000000000000000               3514104716.903275966644287
                     -12.303657992645928               3514076094.010582447052002                        0.000000000000000               3514076094.010582447052002
                     -12.162236636408618               3514047592.339981555938721                        0.000000000000000               3514047592.339981555938721
                     -12.020815280171309               3514019210.853818893432617                        0.000000000000000               3514019210.853818893432617
                     -11.879393923934000               3513990948.520034313201904                        0.000000000000000               3513990948.520034313201904
                     -11.737972567696691               3513962804.311995506286621                        0.000000000000000               3513962804.311995506286621
                     -11.596551211459380               3513934777.208330154418945                        0.000000000000000               3513934777.208330154418945
                     -11.455129855222070               3513906866.192746639251709                        0.000000000000000               3513906866.192746639251709
                     -11.313708498984761               3513879070.253853797912598                        0.000000000000000               3513879070.253853797912598
                     -11.172287142747452               3513851388.384971141815186                        0.000000000000000               3513851388.384971141815186
                     -11.030865786510143               3513823819.583932876586914                        0.000000000000000               3513823819.583932876586914
                     -10.889444430272833               3513796362.852890491485596                        0.000000000000000               3513796362.852890491485596
                     -10.748023074035522               3513769017.198101043701172                        0.000000000000000               3513769017.198101043701172
                     -10.606601717798213               3513741781.629715442657471                        0.000000000000000               3513741781.629715442657471
                     -10.465180361560904               3513714655.161562442779541                        0.000000000000000               3513714655.161562442779541
                     -10.323759005323595               3513687636.810918331146240                        0.000000000000000               3513687636.810918331146240
                     -10.182337649086286               3513660725.598276138305664                        0.000000000000000               3513660725.598276138305664
                     -10.040916292848975               3513633920.547110080718994                        0.000000000000000               3513633920.547110080718994
                      -9.899494936611665               3513607220.683631420135498                        0.000000000000000               3513607220.683631420135498
                      -9.758073580374356               3513580625.036533355712891                        0.000000000000000               3513580625.036533355712891
                      -9.616652224137047               3513554132.636740207672119                        0.000000000000000               3513554132.636740207672119
                      -9.475230867899738               3513527742.517139911651611                        0.000000000000000               3513527742.517139911651611
                      -9.333809511662427               3513501453.712316513061523                        0.000000000000000               3513501453.712316513061523
                      -9.192388155425119               3513475265.258272647857666                        0.000000000000000               3513475265.258272647857666
                      -9.050966799187810               3513449176.192143917083740                        0.000000000000000               3513449176.192143917083740
                      -8.909545442950499               3513423185.551915168762207                        0.000000000000000               3513423185.551915168762207
                      -8.768124086713190               3513397292.376111984252930                        0.000000000000000               3513397292.376111984252930
                      -8.626702730475881               3513371495.703509807586670                        0.000000000000000               3513371495.703509807586670
                      -8.485281374238571               3513345794.572810173034668                        0.000000000000000               3513345794.572810173034668
                      -8.343860018001262               3513320188.022331714630127                        0.000000000000000               3513320188.022331714630127
                      -8.202438661763951               3513294675.089670658111572                        0.000000000000000               3513294675.089670658111572
                      -8.061017305526642               3513269254.811377525329590                        0.000000000000000               3513269254.811377525329590
                      -7.919595949289333               3513243926.222608566284180                        0.000000000000000               3513243926.222608566284180
                      -7.778174593052023               3513218688.356775283813477                        0.000000000000000               3513218688.356775283813477
                      -7.636753236814714               3513193540.245183467864990                        0.000000000000000               3513193540.245183467864990
                      -7.495331880577404               3513168480.916665554046631                        0.000000000000000               3513168480.916665554046631
                      -7.353910524340095               3513143509.397205352783203                        0.000000000000000               3513143509.397205352783203
                      -7.212489168102785               3513118624.709547519683838                        0.000000000000000               3513118624.709547519683838
                      -7.071067811865476               3513093825.872802257537842                        0.000000000000000               3513093825.872802257537842
                      -6.929646455628166               3513069111.902041912078857                        0.000000000000000               3513069111.902041912078857
                      -6.788225099390856               3513044481.807880401611328                        0.000000000000000               3513044481.807880401611328
                      -6.646803743153548               3513019934.596051692962646                        0.000000000000000               3513019934.596051692962646
                      -6.505382386916237               3512995469.266963958740234                        0.000000000000000               3512995469.266963958740234
                      -6.363961030678928               3512971084.815264701843262                        0.000000000000000               3512971084.815264701843262
                      -6.222539674441619               3512946780.229370117187500                        0.000000000000000               3512946780.229370117187500
                      -6.081118318204309               3512922554.490995883941650                        0.000000000000000               3512922554.490995883941650
                      -5.939696961967000               3512898406.574677467346191                        0.000000000000000               3512898406.574677467346191
                      -5.798275605729690               3512874335.447269439697266                        0.000000000000000               3512874335.447269439697266
                      -5.656854249492381               3512850340.067443370819092                        0.000000000000000               3512850340.067443370819092
                      -5.515432893255071               3512826419.385153770446777                        0.000000000000000               3512826419.385153770446777
                      -5.374011537017761               3512802572.341120243072510                        0.000000000000000               3512802572.341120243072510
                      -5.232590180780452               3512778797.866258144378662                        0.000000000000000               3512778797.866258144378662
                      -5.091168824543143               3512755094.881126880645752                        0.000000000000000               3512755094.881126880645752
                      -4.949747468305833               3512731462.295346260070801                        0.000000000000000               3512731462.295346260070801
                      -4.808326112068523               3512707899.007001399993896                        0.000000000000000               3512707899.007001399993896
                      -4.666904755831213               3512684403.902031421661377                        0.000000000000000               3512684403.902031421661377
                      -4.525483399593905               3512660975.853599548339844                        0.000000000000000               3512660975.853599548339844
                      -4.384062043356595               3512637613.721452236175537                        0.000000000000000               3512637613.721452236175537
                      -4.242640687119286               3512614316.351252079010010                        0.000000000000000               3512614316.351252079010010
                      -4.101219330881976               3512591082.573900699615479                        0.000000000000000               3512591082.573900699615479
                      -3.959797974644666               3512567911.204831123352051                        0.000000000000000               3512567911.204831123352051
                      -3.818376618407357               3512544801.043298244476318                        0.000000000000000               3512544801.043298244476318
                      -3.676955262170047               3512521750.871631622314453                        0.000000000000000               3512521750.871631622314453
                      -3.535533905932738               3512498759.454475402832031                        0.000000000000000               3512498759.454475402832031
                      -3.394112549695428               3512475825.538008689880371                        0.000000000000000               3512475825.538008689880371
                      -3.252691193458118               3512452947.849140167236328                        0.000000000000000               3512452947.849140167236328
                      -3.111269837220810               3512430125.094679832458496                        0.000000000000000               3512430125.094679832458496
                      -2.969848480983500               3512407355.960486888885498                        0.000000000000000               3512407355.960486888885498
                      -2.828427124746190               3512384639.110594272613525                        0.000000000000000               3512384639.110594272613525
                      -2.687005768508881               3512361973.186310768127441                        0.000000000000000               3512361973.186310768127441
                      -2.545584412271571               3512339356.805287361145020                        0.000000000000000               3512339356.805287361145020
                      -2.404163056034262               3512316788.560568332672119                        0.000000000000000               3512316788.560568332672119
                      -2.262741699796952               3512294267.019605159759521                        0.000000000000000               3512294267.019605159759521
                      -2.121320343559643               3512271790.723249912261963                        0.000000000000000               3512271790.723249912261963
                      -1.979898987322333               3512249358.184710025787354                        0.000000000000000               3512249358.184710025787354
                      -1.838477631085024               3512226967.888476371765137                        0.000000000000000               3512226967.888476371765137
                      -1.697056274847714               3512204618.289224624633789                        0.000000000000000               3512204618.289224624633789
                      -1.555634918610405               3512182307.810671329498291                        0.000000000000000               3512182307.810671329498291
                      -1.414213562373095               3512160034.844409942626953                        0.000000000000000               3512160034.844409942626953
                      -1.272792206135786               3512137797.748704433441162                        0.000000000000000               3512137797.748704433441162
                      -1.131370849898476               3512115594.847245216369629                        0.000000000000000               3512115594.847245216369629
                      -0.989949493661167               3512093424.427874565124512                        0.000000000000000               3512093424.427874565124512
                      -0.848528137423857               3512071284.741263866424561                        0.000000000000000               3512071284.741263866424561
                      -0.707106781186548               3512049173.999560832977295                        0.000000000000000               3512049173.999560832977295
                      -0.565685424949238               3512027090.374991893768311                        0.000000000000000               3512027090.374991893768311
                      -0.424264068711929               3512005031.998417854309082                        0.000000000000000               3512005031.998417854309082
                      -0.282842712474619               3511982996.957852363586426                        0.000000000000000               3511982996.957852363586426
                      -0.141421356237310               3511960983.296930789947510                        0.000000000000000               3511960983.296930789947510
                       0.000000000000000               3511938989.013333797454834                        0.000000000000000               3511938989.013333797454834
                       0.141421356237310               3511917012.057166099548340                        0.000000000000000               3511917012.057166099548340
                       0.282842712474619               3511895050.329275608062744                        0.000000000000000               3511895050.329275608062744
                       0.424264068711929               3511873101.679531097412109                        0.000000000000000               3511873101.679531097412109
                       0.565685424949238               3511851163.905047416687012                        0.000000000000000               3511851163.905047416687012
                       0.707106781186548               3511829234.748343467712402                        0.000000000000000               3511829234.748343467712402
                       0.848528137423857               3511807311.895457744598389                        0.000000000000000               3511807311.895457744598389
                       0.989949493661167               3511785392.973999500274658                        0.000000000000000               3511785392.973999500274658
                       1.131370849898476               3511763475.551133632659912                        0.000000000000000               3511763475.551133632659912
                       1.272792206135786               3511741557.131518363952637                        0.000000000000000               3511741557.131518363952637
                       1.414213562373095               3511719635.155164718627930                        0.000000000000000               3511719635.155164718627930
                       1.555634918610405               3511697706.995233058929443                        0.000000000000000               3511697706.995233058929443
                       1.697056274847714               3511675769.955766201019287                        0.000000000000000               3511675769.955766201019287
                       1.838477631085024               3511653821.269347667694092                        0.000000000000000               3511653821.269347667694092
                       1.979898987322333               3511631858.094686031341553                        0.000000000000000               3511631858.094686031341553
                       2.121320343559643               3511609877.514130115509033                        0.000000000000000               3511609877.514130115509033
                       2.262741699796952               3511587876.531095981597900                        0.000000000000000               3511587876.531095981597900
                       2.404163056034262               3511565852.067422866821289                        0.000000000000000               3511565852.067422866821289
                       2.545584412271571               3511543800.960645198822021                        0.000000000000000               3511543800.960645198822021
                       2.687005768508881               3511521719.961174011230469                        0.000000000000000               3511521719.961174011230469
                       2.828427124746190               3511499605.729394435882568                        0.000000000000000               3511499605.729394435882568
                       2.969848480983500               3511477454.832670211791992                        0.000000000000000               3511477454.832670211791992
                       3.111269837220810               3511455263.742256641387939                        0.000000000000000               3511455263.742256641387939
                       3.252691193458118               3511433028.830116271972656                        0.000000000000000               3511433028.830116271972656
                       3.394112549695428               3511410746.365626335144043                        0.000000000000000               3511410746.365626335144043
                       3.535533905932738               3511388412.512200355529785                        0.000000000000000               3511388412.512200355529785
                       3.676955262170047               3511366023.323782444000244                        0.000000000000000               3511366023.323782444000244
                       3.818376618407357               3511343574.741248130798340                        0.000000000000000               3511343574.741248130798340
                       3.959797974644666               3511321062.588683605194092                        0.000000000000000               3511321062.588683605194092
                       4.101219330881976               3511298482.569548130035400                        0.000000000000000               3511298482.569548130035400
                       4.242640687119286               3511275830.262717723846436                        0.000000000000000               3511275830.262717723846436
                       4.384062043356595               3511253101.118404388427734                        0.000000000000000               3511253101.118404388427734
                       4.525483399593905               3511230290.453940868377686                        0.000000000000000               3511230290.453940868377686
                       4.666904755831213               3511207393.449445724487305                        0.000000000000000               3511207393.449445724487305
                       4.808326112068523               3511184405.143332004547119                        0.000000000000000               3511184405.143332004547119
                       4.949747468305833               3511161320.427691936492920                        0.000000000000000               3511161320.427691936492920
                       5.091168824543143               3511138134.043527126312256                        0.000000000000000               3511138134.043527126312256
                       5.232590180780452               3511114840.575827598571777                        0.000000000000000               3511114840.575827598571777
                       5.374011537017761               3511091434.448500156402588                        0.000000000000000               3511091434.448500156402588
                       5.515432893255071               3511067909.919129371643066                        0.000000000000000               3511067909.919129371643066
                       5.656854249492381               3511044261.073580741882324                        0.000000000000000               3511044261.073580741882324
                       5.798275605729690               3511020481.820428848266602                        0.000000000000000               3511020481.820428848266602
                       5.939696961967000               3510996565.885207653045654                        0.000000000000000               3510996565.885207653045654
                       6.081118318204309               3510972506.804479598999023                        0.000000000000000               3510972506.804479598999023
                       6.222539674441619               3510948297.919723510742188                        0.000000000000000               3510948297.919723510742188
                       6.363961030678928               3510923932.371017456054688                        0.000000000000000               3510923932.371017456054688
                       6.505382386916237               3510899403.090531826019287                        0.000000000000000               3510899403.090531826019287
                       6.646803743153548               3510874702.795811176300049                        0.000000000000000               3510874702.795811176300049
                       6.788225099390856               3510849823.982842922210693                        0.000000000000000               3510849823.982842922210693
                       6.929646455628166               3510824758.918909549713135                        0.000000000000000               3510824758.918909549713135
                       7.071067811865476               3510799499.635210990905762                        0.000000000000000               3510799499.635210990905762
                       7.212489168102785               3510774037.919255733489990                        0.000000000000000               3510774037.919255733489990
                       7.353910524340095               3510748365.307010650634766                        0.000000000000000               3510748365.307010650634766
                       7.495331880577404               3510722473.074800491333008                        0.000000000000000               3510722473.074800491333008
                       7.636753236814714               3510696352.230950355529785                        0.000000000000000               3510696352.230950355529785
                       7.778174593052023               3510669993.507167816162109                        0.000000000000000               3510669993.507167816162109
                       7.919595949289333               3510643387.349644184112549                        0.000000000000000               3510643387.349644184112549
                       8.061017305526642               3510616523.909880638122559                        0.000000000000000               3510616523.909880638122559
                       8.202438661763951               3510589393.035221576690674                        0.000000000000000               3510589393.035221576690674
                       8.343860018001262               3510561984.259086132049561                        0.000000000000000               3510561984.259086132049561
                       8.485281374238571               3510534286.790888309478760                        0.000000000000000               3510534286.790888309478760
                       8.626702730475881               3510506289.505647659301758                        0.000000000000000               3510506289.505647659301758
                       8.768124086713190               3510477980.933258533477783                        0.000000000000000               3510477980.933258533477783
                       8.909545442950499               3510449349.247424602508545                        0.000000000000000               3510449349.247424602508545
                       9.050966799187810               3510420382.254241943359375                        0.000000000000000               3510420382.254241943359375
                       9.192388155425119               3510391067.380423545837402                        0.000000000000000               3510391067.380423545837402
                       9.333809511662427               3510361391.661145210266113                        0.000000000000000               3510361391.661145210266113
                       9.475230867899738               3510331341.727511882781982                        0.000000000000000               3510331341.727511882781982
                       9.616652224137047               3510300903.793622970581055                        0.000000000000000               3510300903.793622970581055
                       9.758073580374356               3510270063.643225193023682                        0.000000000000000               3510270063.643225193023682
                       9.899494936611665               3510238806.615953445434570                        0.000000000000000               3510238806.615953445434570
                      10.040916292848975               3510207117.593119621276855                        0.000000000000000               3510207117.593119621276855
                      10.182337649086286               3510174980.983074188232422                        0.000000000000000               3510174980.983074188232422
                      10.323759005323595               3510142380.706079483032227                        0.000000000000000               3510142380.706079483032227
                      10.465180361560904               3510109300.178715229034424                        0.000000000000000               3510109300.178715229034424
                      10.606601717798213               3510075722.297800064086914                        0.000000000000000               3510075722.297800064086914
                      10.748023074035522               3510041629.423786640167236                        0.000000000000000               3510041629.423786640167236
                      10.889444430272833               3510007003.363641738891602                        0.000000000000000               3510007003.363641738891602
                      11.030865786510143               3509971825.353183269500732                        0.000000000000000               3509971825.353183269500732
                      11.172287142747452               3509936076.038858413696289                        0.000000000000000               3509936076.038858413696289
                      11.313708498984761               3509899735.458942413330078                        0.000000000000000               3509899735.458942413330078
                      11.455129855222070               3509862783.024146556854248                        0.000000000000000               3509862783.024146556854248
                      11.596551211459380               3509825197.497614860534668                        0.000000000000000               3509825197.497614860534668
                      11.737972567696691               3509786956.974281787872314                        0.000000000000000               3509786956.974281787872314
                      11.879393923934000               3509748038.859585285186768                        0.000000000000000               3509748038.859585285186768
                      12.020815280171309               3509708419.847502231597900                        0.000000000000000               3509708419.847502231597900
                      12.162236636408618               3509668075.897889614105225                        0.000000000000000               3509668075.897889614105225
                      12.303657992645928               3509626982.213119506835938                        0.000000000000000               3509626982.213119506835938
                      12.445079348883239               3509585113.213966846466064                        0.000000000000000               3509585113.213966846466064
                      12.586500705120548               3509542442.514738559722900                        0.000000000000000               3509542442.514738559722900
                      12.727922061357857               3509498942.897618770599365                        0.000000000000000               3509498942.897618770599365
                      12.869343417595166               3509454586.286211967468262                        0.000000000000000               3509454586.286211967468262
                      13.010764773832474               3509409343.718240261077881                        0.000000000000000               3509409343.718240261077881
                      13.152186130069786               3509363185.317389011383057                        0.000000000000000               3509363185.317389011383057
                      13.293607486307096               3509316080.264263629913330                        0.000000000000000               3509316080.264263629913330
                      13.435028842544403               3509267996.766431808471680                        0.000000000000000               3509267996.766431808471680
                      13.576450198781712               3509218902.027523040771484                        0.000000000000000               3509218902.027523040771484
                      13.717871555019022               3509168762.215357303619385                        0.000000000000000               3509168762.215357303619385
                      13.859292911256333               3509117542.429067611694336                        0.000000000000000               3509117542.429067611694336
                      14.000714267493642               3509065206.665196895599365                        0.000000000000000               3509065206.665196895599365
                      14.142135623730951               3509011717.782720565795898                        0.000000000000000               3509011717.782720565795898
                      14.283556979968260               3508957037.466979503631592                        0.000000000000000               3508957037.466979503631592
                      14.424978336205569               3508901126.192476272583008                        0.000000000000000               3508901126.192476272583008
                      14.566399692442880               3508843943.184505462646484                        0.000000000000000               3508843943.184505462646484
                      14.707821048680190               3508785446.379583358764648                        0.000000000000000               3508785446.379583358764648
                      14.849242404917499               3508725592.384632587432861                        0.000000000000000               3508725592.384632587432861
                      14.990663761154808               3508664336.434893608093262                        0.000000000000000               3508664336.434893608093262
                      15.132085117392117               3508601632.350521564483643                        0.000000000000000               3508601632.350521564483643
                      15.273506473629428               3508537432.491816520690918                        0.000000000000000               3508537432.491816520690918
                      15.414927829866738               3508471687.713061332702637                        0.000000000000000               3508471687.713061332702637
                      15.556349186104047               3508404347.314918041229248                        0.000000000000000               3508404347.314918041229248
                      15.697770542341356               3508335358.995335102081299                        0.000000000000000               3508335358.995335102081299
                      15.839191898578665               3508264668.798926353454590                        0.000000000000000               3508264668.798926353454590
                      15.980613254815976               3508192221.064768314361572                        0.000000000000000               3508192221.064768314361572
                      16.122034611053284               3508117958.372577190399170                        0.000000000000000               3508117958.372577190399170
                      16.263455967290593               3508041821.487208843231201                        0.000000000000000               3508041821.487208843231201
                      16.404877323527902               3507963749.301426887512207                        0.000000000000000               3507963749.301426887512207
                      16.546298679765211               3507883678.776906967163086                        0.000000000000000               3507883678.776906967163086
                      16.687720036002524               3507801544.883391857147217                        0.000000000000000               3507801544.883391857147217
                      16.829141392239833               3507717280.535975933074951                        0.000000000000000               3507717280.535975933074951
                      16.970562748477143               3507630816.530433177947998                        0.000000000000000               3507630816.530433177947998
                      17.111984104714452               3507542081.476555347442627                        0.000000000000000               3507542081.476555347442627
                      17.253405460951761               3507451001.729419708251953                        0.000000000000000               3507451001.729419708251953
                      17.394826817189070               3507357501.318533420562744                        0.000000000000000               3507357501.318533420562744
                      17.536248173426380               3507261501.874801158905029                        0.000000000000000               3507261501.874801158905029
                      17.677669529663689               3507162922.555230140686035                        0.000000000000000               3507162922.555230140686035
                      17.819090885900998               3507061679.965322017669678                        0.000000000000000               3507061679.965322017669678
                      17.960512242138307               3506957688.079077720642090                        0.000000000000000               3506957688.079077720642090
                      18.101933598375620               3506850858.156546115875244                        0.000000000000000               3506850858.156546115875244
                      18.243354954612929               3506741098.658837795257568                        0.000000000000000               3506741098.658837795257568
                      18.384776310850238               3506628315.160542964935303                        0.000000000000000               3506628315.160542964935303
                      18.526197667087548               3506512410.259461402893066                        0.000000000000000               3506512410.259461402893066
                      18.667619023324853               3506393283.483582019805908                        0.000000000000000               3506393283.483582019805908
                      18.809040379562166               3506270831.195219039916992                        0.000000000000000               3506270831.195219039916992
                      18.950461735799475               3506144946.492226600646973                        0.000000000000000               3506144946.492226600646973
                      19.091883092036785               3506015519.106215476989746                        0.000000000000000               3506015519.106215476989746
                      19.233304448274094               3505882435.297666549682617                        0.000000000000000               3505882435.297666549682617
                      19.374725804511403               3505745577.747879505157471                        0.000000000000000               3505745577.747879505157471
                      19.516147160748712               3505604825.447636127471924                        0.000000000000000               3505604825.447636127471924
                      19.657568516986021               3505460053.582507133483887                        0.000000000000000               3505460053.582507133483887
                      19.798989873223331               3505311133.414700508117676                        0.000000000000000               3505311133.414700508117676
                      19.940411229460640               3505157932.161353111267090                        0.000000000000000               3505157932.161353111267090
                      20.081832585697949               3505000312.869156837463379                        0.000000000000000               3505000312.869156837463379
                      20.223253941935262               3504838134.285238265991211                        0.000000000000000               3504838134.285238265991211
                      20.364675298172571               3504671250.724169254302979                        0.000000000000000               3504671250.724169254302979
                      20.506096654409880               3504499511.931004047393799                        0.000000000000000               3504499511.931004047393799
                      20.647518010647190               3504322762.940240859985352                        0.000000000000000               3504322762.940240859985352
                      20.788939366884499               3504140843.930592536926270                        0.000000000000000               3504140843.930592536926270
                      20.930360723121808               3503953590.075447082519531                        0.000000000000000               3503953590.075447082519531
                      21.071782079359117               3503760831.388913154602051                        0.000000000000000               3503760831.388913154602051
                      21.213203435596427               3503562392.567316055297852                        0.000000000000000               3503562392.567316055297852
                      21.354624791833736               3503358092.826041698455811                        0.000000000000000               3503358092.826041698455811
                      21.496046148071045               3503147745.731580257415771                        0.000000000000000               3503147745.731580257415771
                      21.637467504308358               3502931159.028677940368652                        0.000000000000000               3502931159.028677940368652
                      21.778888860545667               3502708134.462428569793701                        0.000000000000000               3502708134.462428569793701
                      21.920310216782976               3502478467.595203876495361                        0.000000000000000               3502478467.595203876495361
                      22.061731573020285               3502241947.618283748626709                        0.000000000000000               3502241947.618283748626709
                      22.203152929257591               3501998357.158032417297363                        0.000000000000000               3501998357.158032417297363
                      22.344574285494904               3501747472.076513290405273                        0.000000000000000               3501747472.076513290405273
                      22.485995641732213               3501489061.266378402709961                        0.000000000000000               3501489061.266378402709961
                      22.627416997969522               3501222886.439900398254395                        0.000000000000000               3501222886.439900398254395
                      22.768838354206835               3500948701.912007331848145                        0.000000000000000               3500948701.912007331848145
                      22.910259710444141               3500666254.377159595489502                        0.000000000000000               3500666254.377159595489502
                      23.051681066681454               3500375282.679945945739746                        0.000000000000000               3500375282.679945945739746
                      23.193102422918759               3500075517.579220294952393                        0.000000000000000               3500075517.579220294952393
                      23.334523779156068               3499766681.505655288696289                        0.000000000000000               3499766681.505655288696289
                      23.475945135393381               3499448488.312541484832764                        0.000000000000000               3499448488.312541484832764
                      23.617366491630687               3499120643.019695281982422                        0.000000000000000               3499120643.019695281982422
                      23.758787847868000               3498782841.550294876098633                        0.000000000000000               3498782841.550294876098633
                      23.900209204105305               3498434770.460528850555420                        0.000000000000000               3498434770.460528850555420
                      24.041630560342618               3498076106.661857604980469                        0.000000000000000               3498076106.661857604980469
                      24.183051916579927               3497706517.135767459869385                        0.000000000000000               3497706517.135767459869385
                      24.324473272817237               3497325658.640834331512451                        0.000000000000000               3497325658.640834331512451
                      24.465894629054546               3496933177.411960124969482                        0.000000000000000               3496933177.411960124969482
                      24.607315985291855               3496528708.851606845855713                        0.000000000000000               3496528708.851606845855713
                      24.748737341529164               3496111877.212894916534424                        0.000000000000000               3496111877.212894916534424
                      24.890158697766477               3495682295.274386405944824                        0.000000000000000               3495682295.274386405944824
                      25.031580054003783               3495239564.006423950195312                        0.000000000000000               3495239564.006423950195312
                      25.173001410241095               3494783272.228854656219482                        0.000000000000000               3494783272.228854656219482
                      25.314422766478401               3494312996.259998798370361                        0.000000000000000               3494312996.259998798370361
                      25.455844122715714               3493828299.556722164154053                        0.000000000000000               3493828299.556722164154053
                      25.597265478953023               3493328732.345452308654785                        0.000000000000000               3493328732.345452308654785
                      25.738686835190332               3492813831.244028091430664                        0.000000000000000               3492813831.244028091430664
                      25.880108191427642               3492283118.874204158782959                        0.000000000000000               3492283118.874204158782959
                      26.021529547664947               3491736103.464735031127930                        0.000000000000000               3491736103.464735031127930
                      26.162950903902260               3491172278.444861888885498                        0.000000000000000               3491172278.444861888885498
                      26.304372260139573               3490591122.028123855590820                        0.000000000000000               3490591122.028123855590820
                      26.445793616376879               3489992096.786361694335938                        0.000000000000000               3489992096.786361694335938
                      26.587214972614191               3489374649.213826179504395                        0.000000000000000               3489374649.213826179504395
                      26.728636328851497               3488738209.281274795532227                        0.000000000000000               3488738209.281274795532227
                      26.870057685088806               3488082189.980011463165283                        0.000000000000000               3488082189.980011463165283
                      27.011479041326119               3487405986.855749130249023                        0.000000000000000               3487405986.855749130249023
                      27.152900397563425               3486708977.532285213470459                        0.000000000000000               3486708977.532285213470459
                      27.294321753800737               3485990521.224895954132080                        0.000000000000000               3485990521.224895954132080
                      27.435743110038043               3485249958.243453979492188                        0.000000000000000               3485249958.243453979492188
                      27.577164466275356               3484486609.485228538513184                        0.000000000000000               3484486609.485228538513184
                      27.718585822512665               3483699775.917376518249512                        0.000000000000000               3483699775.917376518249512
                      27.860007178749974               3482888738.049145698547363                        0.000000000000000               3482888738.049145698547363
                      28.001428534987284               3482052755.393815517425537                        0.000000000000000               3482052755.393815517425537
                      28.142849891224593               3481191065.920457363128662                        0.000000000000000               3481191065.920457363128662
                      28.284271247461902               3480302885.495569705963135                        0.000000000000000               3480302885.495569705963135
                      28.425692603699215               3479387407.314719200134277                        0.000000000000000               3479387407.314719200134277
                      28.567113959936520               3478443801.324304103851318                        0.000000000000000               3478443801.324304103851318
                      28.708535316173833               3477471213.633625984191895                        0.000000000000000               3477471213.633625984191895
                      28.849956672411139               3476468765.917435646057129                        0.000000000000000               3476468765.917435646057129
                      28.991378028648452               3475435554.809205055236816                        0.000000000000000               3475435554.809205055236816
                      29.132799384885761               3474370651.285377979278564                        0.000000000000000               3474370651.285377979278564
                      29.274220741123070               3473273100.040897846221924                        0.000000000000000               3473273100.040897846221924
                      29.415642097360379               3472141918.856360912322998                        0.000000000000000               3472141918.856360912322998
                      29.557063453597685               3470976097.957176685333252                        0.000000000000000               3470976097.957176685333252
                      29.698484809834998               3469774599.365155696868896                        0.000000000000000               3469774599.365155696868896
                      29.839906166072311               3468536356.243021011352539                        0.000000000000000               3468536356.243021011352539
                      29.981327522309616               3467260272.232351303100586                        0.000000000000000               3467260272.232351303100586
                      30.122748878546929               3465945220.785567283630371                        0.000000000000000               3465945220.785567283630371
                      30.264170234784235               3464590044.492566585540771                        0.000000000000000               3464590044.492566585540771
                      30.405591591021544               3463193554.402744770050049                        0.000000000000000               3463193554.402744770050049
                      30.547012947258857               3461754529.343148231506348                        0.000000000000000               3461754529.343148231506348
                      30.688434303496162               3460271715.233599185943604                        0.000000000000000               3460271715.233599185943604
                      30.829855659733475               3458743824.399704933166504                        0.000000000000000               3458743824.399704933166504
                      30.971277015970781               3457169534.884722709655762                        0.000000000000000               3457169534.884722709655762
                      31.112698372208094               3455547489.761343479156494                        0.000000000000000               3455547489.761343479156494
                      31.254119728445406               3453876296.444555282592773                        0.000000000000000               3453876296.444555282592773
                      31.395541084682712               3452154526.006776809692383                        0.000000000000000               3452154526.006776809692383
                      31.536962440920021               3450380712.496638298034668                        0.000000000000000               3450380712.496638298034668
                      31.678383797157331               3448553352.262766361236572                        0.000000000000000               3448553352.262766361236572
                      31.819805153394640               3446670903.284138679504395                        0.000000000000000               3446670903.284138679504395
                      31.961226509631953               3444731784.508601188659668                        0.000000000000000               3444731784.508601188659668
                      32.102647865869258               3442734375.201275348663330                        0.000000000000000               3442734375.201275348663330
                      32.244069222106567               3440677014.304709911346436                        0.000000000000000               3440677014.304709911346436
                      32.385490578343877               3438557999.812715530395508                        0.000000000000000               3438557999.812715530395508
                      32.526911934581186               3436375588.159970283508301                        0.000000000000000               3436375588.159970283508301
                      32.668333290818502               3434127993.629582881927490                        0.000000000000000               3434127993.629582881927490
                      32.809754647055804               3431813387.780960083007812                        0.000000000000000               3431813387.780960083007812
                      32.951176003293121               3429429898.900417804718018                        0.000000000000000               3429429898.900417804718018
                      33.092597359530423               3426975611.477147102355957                        0.000000000000000               3426975611.477147102355957
                      33.234018715767739               3424448565.707270622253418                        0.000000000000000               3424448565.707270622253418
                      33.375440072005048               3421846757.028849601745605                        0.000000000000000               3421846757.028849601745605
                      33.516861428242350               3419168135.690898895263672                        0.000000000000000               3419168135.690898895263672
                      33.658282784479667               3416410606.359549522399902                        0.000000000000000               3416410606.359549522399902
                      33.799704140716969               3413572027.764695167541504                        0.000000000000000               3413572027.764695167541504
                      33.941125496954285               3410650212.390609741210938                        0.000000000000000               3410650212.390609741210938
                      34.082546853191594               3407642926.214144706726074                        0.000000000000000               3407642926.214144706726074
                      34.223968209428904               3404547888.494299888610840                        0.000000000000000               3404547888.494299888610840
                      34.365389565666213               3401362771.617115497589111                        0.000000000000000               3401362771.617115497589111
                      34.506810921903522               3398085200.999957561492920                        0.000000000000000               3398085200.999957561492920
                      34.648232278140831               3394712755.059467792510986                        0.000000000000000               3394712755.059467792510986
                      34.789653634378141               3391242965.247552871704102                        0.000000000000000               3391242965.247552871704102
                      34.931074990615450               3387673316.159978866577148                        0.000000000000000               3387673316.159978866577148
                      35.072496346852759               3384001245.722240447998047                        0.000000000000000               3384001245.722240447998047
                      35.213917703090068               3380224145.457551479339600                        0.000000000000000               3380224145.457551479339600
                      35.355339059327378               3376339360.841907501220703                        0.000000000000000               3376339360.841907501220703
                      35.496760415564687               3372344191.751312732696533                        0.000000000000000               3372344191.751312732696533
                      35.638181771801996               3368235893.006376743316650                        0.000000000000000               3368235893.006376743316650
                      35.779603128039305               3364011675.019579410552979                        0.000000000000000               3364011675.019579410552979
                      35.921024484276614               3359668704.550625324249268                        0.000000000000000               3359668704.550625324249268
                      36.062445840513924               3355204105.575371742248535                        0.000000000000000               3355204105.575371742248535
                      36.203867196751240               3350614960.273867130279541                        0.000000000000000               3350614960.273867130279541
                      36.345288552988542               3345898310.143126010894775                        0.000000000000000               3345898310.143126010894775
                      36.486709909225858               3341051157.240260601043701                        0.000000000000000               3341051157.240260601043701
                      36.628131265463161               3336070465.561619281768799                        0.000000000000000               3336070465.561619281768799
                      36.769552621700477               3330953162.563557147979736                        0.000000000000000               3330953162.563557147979736
                      36.910973977937786               3325696140.830446720123291                        0.000000000000000               3325696140.830446720123291
                      37.052395334175095               3320296259.895455837249756                        0.000000000000000               3320296259.895455837249756
                      37.193816690412405               3314750348.219528198242188                        0.000000000000000               3314750348.219528198242188
                      37.335238046649707               3309055205.333899497985840                        0.000000000000000               3309055205.333899497985840
                      37.476659402887023               3303207604.151281833648682                        0.000000000000000               3303207604.151281833648682
                      37.618080759124332               3297204293.450726985931396                        0.000000000000000               3297204293.450726985931396
                      37.759502115361641               3291042000.540864467620850                        0.000000000000000               3291042000.540864467620850
                      37.900923471598951               3284717434.106016159057617                        0.000000000000000               3284717434.106016159057617
                      38.042344827836260               3278227287.239327907562256                        0.000000000000000               3278227287.239327907562256
                      38.183766184073569               3271568240.666734695434570                        0.000000000000000               3271568240.666734695434570
                      38.325187540310878               3264736966.165154457092285                        0.000000000000000               3264736966.165154457092285
                      38.466608896548188               3257730130.177869796752930                        0.000000000000000               3257730130.177869796752930
                      38.608030252785497               3250544397.629554748535156                        0.000000000000000               3250544397.629554748535156
                      38.749451609022806               3243176435.942865848541260                        0.000000000000000               3243176435.942865848541260
                      38.890872965260115               3235622919.257899284362793                        0.000000000000000               3235622919.257899284362793
                      39.032294321497425               3227880532.855195999145508                        0.000000000000000               3227880532.855195999145508
                      39.173715677734734               3219945977.782230854034424                        0.000000000000000               3219945977.782230854034424
                      39.315137033972043               3211815975.682627201080322                        0.000000000000000               3211815975.682627201080322
                      39.456558390209352               3203487273.826464653015137                        0.000000000000000               3203487273.826464653015137
                      39.597979746446661               3194956650.339231014251709                        0.000000000000000               3194956650.339231014251709
                      39.739401102683978               3186220919.626058578491211                        0.000000000000000               3186220919.626058578491211
                      39.880822458921280               3177276937.986897468566895                        0.000000000000000               3177276937.986897468566895
                      40.022243815158596               3168121609.417307376861572                        0.000000000000000               3168121609.417307376861572
                      40.163665171395898               3158751891.588469028472900                        0.000000000000000               3158751891.588469028472900
                      40.305086527633215               3149164801.998961925506592                        0.000000000000000               3149164801.998961925506592
                      40.446507883870524               3139357424.289676189422607                        0.000000000000000               3139357424.289676189422607
                      40.587929240107833               3129326914.712131023406982                        0.000000000000000               3129326914.712131023406982
                      40.729350596345142               3119070508.739222526550293                        0.000000000000000               3119070508.739222526550293
                      40.870771952582444               3108585527.806258678436279                        0.000000000000000               3108585527.806258678436279
                      41.012193308819761               3097869386.168907642364502                        0.000000000000000               3097869386.168907642364502
                      41.153614665057070               3086919597.863426685333252                        0.000000000000000               3086919597.863426685333252
                      41.295036021294379               3075733783.753354072570801                        0.000000000000000               3075733783.753354072570801
                      41.436457377531688               3064309678.645581245422363                        0.000000000000000               3064309678.645581245422363
                      41.577878733768998               3052645138.457536697387695                        0.000000000000000               3052645138.457536697387695
                      41.719300090006307               3040738147.416040897369385                        0.000000000000000               3040738147.416040897369385
                      41.860721446243616               3028586825.267220973968506                        0.000000000000000               3028586825.267220973968506
                      42.002142802480925               3016189434.475792884826660                        0.000000000000000               3016189434.475792884826660
                      42.143564158718235               3003544387.390990734100342                        0.000000000000000               3003544387.390990734100342
                      42.284985514955544               2990650253.355416774749756                        0.000000000000000               2990650253.355416774749756
                      42.426406871192853               2977505765.732215881347656                        0.000000000000000               2977505765.732215881347656
                      42.567828227430169               2964109828.825161457061768                        0.000000000000000               2964109828.825161457061768
                      42.709249583667471               2950461524.665540218353271                        0.000000000000000               2950461524.665540218353271
                      42.850670939904781               2936560119.639111042022705                        0.000000000000000               2936560119.639111042022705
                      42.992092296142090               2922405070.925965785980225                        0.000000000000000               2922405070.925965785980225
                      43.133513652379399               2907996032.725743770599365                        0.000000000000000               2907996032.725743770599365
                      43.274935008616715               2893332862.240466117858887                        0.000000000000000               2893332862.240466117858887
                      43.416356364854018               2878415625.387207508087158                        0.000000000000000               2878415625.387207508087158
                      43.557777721091334               2863244602.212882995605469                        0.000000000000000               2863244602.212882995605469
                      43.699199077328636               2847820291.983744144439697                        0.000000000000000               2847820291.983744144439697
                      43.840620433565952               2832143417.922555446624756                        0.000000000000000               2832143417.922555446624756
                      43.982041789803262               2816214931.567058086395264                        0.000000000000000               2816214931.567058086395264
                      44.123463146040571               2800036016.724088191986084                        0.000000000000000               2800036016.724088191986084
                      44.264884502277880               2783608092.994675159454346                        0.000000000000000               2783608092.994675159454346
                      44.406305858515182               2766932818.846560001373291                        0.000000000000000               2766932818.846560001373291
                      44.547727214752499               2750012094.211895942687988                        0.000000000000000               2750012094.211895942687988
                      44.689148570989808               2732848062.589355468750000                        0.000000000000000               2732848062.589355468750000
                      44.830569927227117               2715443112.631501674652100                        0.000000000000000               2715443112.631501674652100
                      44.971991283464426               2697799879.200097560882568                        0.000000000000000               2697799879.200097560882568
                      45.113412639701735               2679921243.873939514160156                        0.000000000000000               2679921243.873939514160156
                      45.254833995939045               2661810334.895949840545654                        0.000000000000000               2661810334.895949840545654
                      45.396255352176354               2643470526.548406600952148                        0.000000000000000               2643470526.548406600952148
                      45.537676708413670               2624905437.947586059570312                        0.000000000000000               2624905437.947586059570312
                      45.679098064650972               2606118931.251496791839600                        0.000000000000000               2606118931.251496791839600
                      45.820519420888282               2587115109.276884555816650                        0.000000000000000               2587115109.276884555816650
                      45.961940777125591               2567898312.524339675903320                        0.000000000000000               2567898312.524339675903320
                      46.103362133362907               2548473115.612887859344482                        0.000000000000000               2548473115.612887859344482
                      46.244783489600216               2528844323.128188610076904                        0.000000000000000               2528844323.128188610076904
                      46.386204845837518               2509016964.891108036041260                        0.000000000000000               2509016964.891108036041260
                      46.527626202074828               2488996290.656107902526855                        0.000000000000000               2488996290.656107902526855
                      46.669047558312137               2468787764.251550197601318                        0.000000000000000               2468787764.251550197601318
                      46.810468914549453               2448397057.176612377166748                        0.000000000000000               2448397057.176612377166748
                      46.951890270786762               2427830041.672018527984619                        0.000000000000000               2427830041.672018527984619
                      47.093311627024065               2407092783.284275531768799                        0.000000000000000               2407092783.284275531768799
                      47.234732983261374               2386191532.945406436920166                        0.000000000000000               2386191532.945406436920166
                      47.376154339498690               2365132718.592414855957031                        0.000000000000000               2365132718.592414855957031
                      47.517575695735999               2343922936.352779865264893                        0.000000000000000               2343922936.352779865264893
                      47.658997051973309               2322568941.324238777160645                        0.000000000000000               2322568941.324238777160645
                      47.800418408210611               2301077637.978820323944092                        0.000000000000000               2301077637.978820323944092
                      47.941839764447920               2279456070.222747325897217                        0.000000000000000               2279456070.222747325897217
                      48.083261120685236               2257711411.145149230957031                        0.000000000000000               2257711411.145149230957031
                      48.224682476922546               2235850952.489764213562012                        0.000000000000000               2235850952.489764213562012
                      48.366103833159855               2213882093.884804725646973                        0.000000000000000               2213882093.884804725646973
                      48.507525189397157               2191812331.866902351379395                        0.000000000000000               2191812331.866902351379395
                      48.648946545634473               2169649248.735667228698730                        0.000000000000000               2169649248.735667228698730
                      48.790367901871782               2147400501.275711774826050                        0.000000000000000               2147400501.275711774826050
                      48.931789258109092               2125073809.383171319961548                        0.000000000000000               2125073809.383171319961548
                      49.073210614346408               2102676944.633659362792969                        0.000000000000000               2102676944.633659362792969
                      49.214631970583710               2080217718.828348159790039                        0.000000000000000               2080217718.828348159790039
                      49.356053326821019               2057703972.554377079010010                        0.000000000000000               2057703972.554377079010010
                      49.497474683058329               2035143563.795164346694946                        0.000000000000000               2035143563.795164346694946
                      49.638896039295645               2012544356.625326156616211                        0.000000000000000               2012544356.625326156616211
                      49.780317395532954               1989914210.023919582366943                        0.000000000000000               1989914210.023919582366943
                      49.921738751770256               1967260966.838544845581055                        0.000000000000000               1967260966.838544845581055
                      50.063160108007565               1944592442.931532621383667                        0.000000000000000               1944592442.931532621383667
                      50.204581464244875               1921916416.537992954254150                        0.000000000000000               1921916416.537992954254150
                      50.346002820482191               1899240617.863928318023682                        0.000000000000000               1899240617.863928318023682
                      50.487424176719500               1876572718.950949430465698                        0.000000000000000               1876572718.950949430465698
                      50.628845532956802               1853920323.832358121871948                        0.000000000000000               1853920323.832358121871948
                      50.770266889194112               1831290959.003538370132446                        0.000000000000000               1831290959.003538370132446
                      50.911688245431428               1808692064.227682828903198                        0.000000000000000               1808692064.227682828903198
                      51.053109601668737               1786130983.695950031280518                        0.000000000000000               1786130983.695950031280518
                      51.194530957906046               1763614957.559175491333008                        0.000000000000000               1763614957.559175491333008
                      51.335952314143348               1741151113.846256017684937                        0.000000000000000               1741151113.846256017684937
                      51.477373670380665               1718746460.782349824905396                        0.000000000000000               1718746460.782349824905396
                      51.618795026617974               1696407879.518044471740723                        0.000000000000000               1696407879.518044471740723
                      51.760216382855283               1674142117.278671979904175                        0.000000000000000               1674142117.278671979904175
                      51.901637739092592               1651955780.941053152084351                        0.000000000000000               1651955780.941053152084351
                      52.043059095329895               1629855331.043024301528931                        0.000000000000000               1629855331.043024301528931
                      52.184480451567211               1607847076.229316711425781                        0.000000000000000               1607847076.229316711425781
                      52.325901807804520               1585937168.135551214218140                        0.000000000000000               1585937168.135551214218140
                      52.467323164041829               1564131596.710436105728149                        0.000000000000000               1564131596.710436105728149
                      52.608744520279146               1542436185.974616765975952                        0.000000000000000               1542436185.974616765975952
                      52.750165876516448               1520856590.213108777999878                        0.000000000000000               1520856590.213108777999878
                      52.891587232753757               1499398290.596764087677002                        0.000000000000000               1499398290.596764087677002
                      53.033008588991066               1478066592.226881742477417                        0.000000000000000               1478066592.226881742477417
                      53.174429945228383               1456866621.595797061920166                        0.000000000000000               1456866621.595797061920166
                      53.315851301465692               1435803324.455109834671021                        0.000000000000000               1435803324.455109834671021
                      53.457272657702994               1414881464.082143306732178                        0.000000000000000               1414881464.082143306732178
                      53.598694013940303               1394105619.934242725372314                        0.000000000000000               1394105619.934242725372314
                      53.740115370177612               1373480186.679658174514771                        0.000000000000000               1373480186.679658174514771
                      53.881536726414929               1353009373.592943668365479                        0.000000000000000               1353009373.592943668365479
                      54.022958082652238               1332697204.302159547805786                        0.000000000000000               1332697204.302159547805786
                      54.164379438889540               1312547516.874529123306274                        0.000000000000000               1312547516.874529123306274
                      54.305800795126849               1292563964.226740360260010                        0.000000000000000               1292563964.226740360260010
                      54.447222151364166               1272750014.845617532730103                        0.000000000000000               1272750014.845617532730103
                      54.588643507601475               1253108953.804622411727905                        0.000000000000000               1253108953.804622411727905
                      54.730064863838784               1233643884.061317443847656                        0.000000000000000               1233643884.061317443847656
                      54.871486220076086               1214357728.020819664001465                        0.000000000000000               1214357728.020819664001465
                      55.012907576313403               1195253229.350135803222656                        0.000000000000000               1195253229.350135803222656
                      55.154328932550712               1176332955.028245449066162                        0.000000000000000               1176332955.028245449066162
                      55.295750288788021               1157599297.616811275482178                        0.000000000000000               1157599297.616811275482178
                      55.437171645025330               1139054477.736555099487305                        0.000000000000000               1139054477.736555099487305
                      55.578593001262632               1120700546.734375715255737                        0.000000000000000               1120700546.734375715255737
                      55.720014357499949               1102539389.526583909988403                        0.000000000000000               1102539389.526583909988403
                      55.861435713737258               1084572727.603813886642456                        0.000000000000000               1084572727.603813886642456
                      56.002857069974567               1066802122.183468461036682                        0.000000000000000               1066802122.183468461036682
                      56.144278426211883               1049228977.495886564254761                        0.000000000000000               1049228977.495886564254761
                      56.285699782449186               1031854544.190766572952271                        0.000000000000000               1031854544.190766572952271
                      56.427121138686495               1014679922.850765585899353                        0.000000000000000               1014679922.850765585899353
                      56.568542494923804                997706067.599607467651367                        0.000000000000000                997706067.599607467651367
                      56.709963851161120                980933789.792470812797546                        0.000000000000000                980933789.792470812797546
                      56.851385207398430                964363761.776861429214478                        0.000000000000000                964363761.776861429214478
                      56.992806563635732                947996520.712666153907776                        0.000000000000000                947996520.712666153907776
                      57.134227919873041                931832472.440545439720154                        0.000000000000000                931832472.440545439720154
                      57.275649276110350                915871895.388332605361938                        0.000000000000000                915871895.388332605361938
                      57.417070632347667                900114944.505591154098511                        0.000000000000000                900114944.505591154098511
                      57.558491988584976                884561655.217030644416809                        0.000000000000000                884561655.217030644416809
                      57.699913344822278                869211947.385950446128845                        0.000000000000000                869211947.385950446128845
                      57.841334701059587                854065629.279462575912476                        0.000000000000000                854065629.279462575912476
                      57.982756057296903                839122401.527758598327637                        0.000000000000000                839122401.527758598327637
                      58.124177413534213                824381861.070264577865601                        0.000000000000000                824381861.070264577865601
                      58.265598769771522                809843505.082071781158447                        0.000000000000000                809843505.082071781158447
                      58.407020126008824                795506734.874685883522034                        0.000000000000000                795506734.874685883522034
                      58.548441482246140                781370859.765725970268250                        0.000000000000000                781370859.765725970268250
                      58.689862838483450                767435100.912935376167297                        0.000000000000000                767435100.912935376167297
                      58.831284194720759                753698595.108587145805359                        0.000000000000000                753698595.108587145805359
                      58.972705550958075                740160398.531227946281433                        0.000000000000000                740160398.531227946281433
                      59.114126907195370                726819490.452630758285522                        0.000000000000000                726819490.452630758285522
                      59.255548263432686                713674776.898939490318298                        0.000000000000000                713674776.898939490318298
                      59.396969619669996                700725094.266227126121521                        0.000000000000000                700725094.266227126121521
                      59.538390975907305                687969212.892223834991455                        0.000000000000000                687969212.892223834991455
                      59.679812332144621                675405840.587730407714844                        0.000000000000000                675405840.587730407714844
                      59.821233688381923                663033626.133390784263611                        0.000000000000000                663033626.133390784263611
                      59.962655044619233                650851162.750070810317993                        0.000000000000000                650851162.750070810317993
                      60.104076400856542                638856991.554230570793152                        0.000000000000000                638856991.554230570793152
                      60.245497757093858                627049605.013414144515991                        0.000000000000000                627049605.013414144515991
                      60.386919113331167                615427450.421582102775574                        0.000000000000000                615427450.421582102775574
                      60.528340469568469                603988933.419451951980591                        0.000000000000000                603988933.419451951980591
                      60.669761825805779                592732421.591665863990784                        0.000000000000000                592732421.591665863990784
                      60.811183182043088                581656248.180447578430176                        0.000000000000000                581656248.180447578430176
                      60.952604538280404                570758715.964881658554077                        0.000000000000000                570758715.964881658554077
                      61.094025894517713                560038101.366066813468933                        0.000000000000000                560038101.366066813468933
                      61.235447250755016                549492658.851627945899963                        0.000000000000000                549492658.851627945899963
                      61.376868606992325                539120625.728501439094543                        0.000000000000000                539120625.728501439094543
                      61.518289963229641                528920227.430982947349548                        0.000000000000000                528920227.430982947349548
                      61.659711319466950                518889683.431952595710754                        0.000000000000000                518889683.431952595710754
                      61.801132675704260                509027213.929305732250214                        0.000000000000000                509027213.929305732250214
                      61.942554031941562                499331047.487257003784180                        0.000000000000000                499331047.487257003784180
                      62.083975388178878                489799429.843585669994354                        0.000000000000000                489799429.843585669994354
                      62.225396744416187                480430634.129410803318024                        0.000000000000000                480430634.129410803318024
                      62.366818100653497                471222972.787908136844635                        0.000000000000000                471222972.787908136844635
                      62.508239456890813                462174811.522832036018372                        0.000000000000000                462174811.522832036018372
                      62.649660813128108                453284585.656858980655670                        0.000000000000000                453284585.656858980655670
                      62.791082169365424                444550819.333919525146484                        0.000000000000000                444550819.333919525146484
                      62.932503525602733                435972148.058834433555603                        0.000000000000000                435972148.058834433555603
                      63.073924881840043                427547345.131939232349396                        0.000000000000000                427547345.131939232349396
                      63.215346238077359                419275352.605993807315826                        0.000000000000000                419275352.605993807315826
                      63.356767594314661                411155317.467782497406006                        0.000000000000000                411155317.467782497406006
                      63.498188950551970                403186633.827648699283600                        0.000000000000000                403186633.827648699283600
                      63.639610306789280                395368991.987234771251678                        0.000000000000000                395368991.987234771251678
                      63.781031663026596                387702435.349780619144440                        0.000000000000000                387702435.349780619144440
                      63.922453019263905                380187426.239565193653107                        0.000000000000000                380187426.239565193653107
                      64.063874375501200                372824921.809467434883118                        0.000000000000000                372824921.809467434883118
                      64.205295731738516                365616461.340721726417542                        0.000000000000000                365616461.340721726417542
                      64.346717087975833                358564266.380664169788361                        0.000000000000000                358564266.380664169788361
                      64.488138444213135                351671355.327660441398621                        0.000000000000000                351671355.327660441398621
                      64.629559800450451                344941674.264361858367920                        0.000000000000000                344941674.264361858367920
                      64.770981156687753                338380246.069803476333618                        0.000000000000000                338380246.069803476333618
                      64.912402512925070                331993340.118856966495514                        0.000000000000000                331993340.118856966495514
                      65.053823869162372                325788665.218334078788757                        0.000000000000000                325788665.218334078788757
                      65.195245225399688                319775588.850046455860138                        0.000000000000000                319775588.850046455860138
                      65.336666581637004                313965386.314008355140686                        0.000000000000000                313965386.314008355140686
                      65.478087937874307                308371524.016698718070984                        0.000000000000000                308371524.016698718070984
                      65.619509294111609                303009981.964006543159485                        0.000000000000000                303009981.964006543159485
                      65.760930650348925                297899621.540714263916016                        0.000000000000000                297899621.540714263916016
                      65.902352006586241                293062605.948343455791473                        0.000000000000000                293062605.948343455791473
                      66.043773362823543                288524882.315447270870209                        0.000000000000000                288524882.315447270870209
                      66.185194719060846                284316736.612181842327118                        0.000000000000000                284316736.612181842327118
                      66.326616075298162                280473435.278442621231079                        0.000000000000000                280473435.278442621231079
                      66.468037431535478                277035971.192452430725098                        0.000000000000000                277035971.192452430725098
                      66.609458787772780                274051936.694503366947174                        0.000000000000000                274051936.694503366947174
                      66.750880144010097                271576553.498132109642029                        0.000000000000000                271576553.498132109642029
                      66.892301500247399                269673899.474063456058502                        0.000000000000000                269673899.474063456058502
                      67.033722856484701                268418386.999810934066772                        0.000000000000000                268418386.999810934066772
                      67.175144212722017                267896569.097424715757370                        0.000000000000000                267896569.097424715757370
                      67.316565568959334                268209381.275036931037903                        0.000000000000000                268209381.275036931037903
                      67.457986925196636                269474973.707604825496674                        0.000000000000000                269474973.707604825496674
                      67.599408281433938                271832357.138180911540985                        0.000000000000000                271832357.138180911540985
                      67.740829637671254                275446186.646256864070892                        0.000000000000000                275446186.646256864070892
                      67.882250993908571                280513154.419483363628387                        0.000000000000000                280513154.419483363628387
                      68.023672350145873                287270676.059905230998993                        0.000000000000000                287270676.059905230998993
                      68.165093706383189                296008863.450203955173492                        0.000000000000000                296008863.450203955173492
                      68.306515062620491                307087221.455336034297943                        0.000000000000000                307087221.455336034297943
                      68.447936418857807                320958142.206816077232361                        0.000000000000000                320958142.206816077232361
                      68.589357775095110                338200173.020206153392792                        0.000000000000000                338200173.020206153392792
                      68.730779131332426                359565280.823394000530243                        0.000000000000000                359565280.823394000530243
                      68.872200487569742                386045948.951241731643677                        0.000000000000000                386045948.951241731643677
                      69.013621843807044                418969651.527476131916046                        0.000000000000000                418969651.527476131916046
                      69.155043200044346                460128674.576877236366272                        0.000000000000000                460128674.576877236366272
                      69.296464556281663                511947041.239817857742310                        0.000000000000000                511947041.239817857742310
                      69.437885912518979                577654009.781794786453247                        0.000000000000000                577654009.781794786453247
                      69.579307268756281                661305107.063650608062744                        0.000000000000000                661305107.063650608062744
                      69.720728624993583                767013928.681789278984070                        0.000000000000000                767013928.681789278984070
                      69.862149981230900                895055705.519212722778320                        0.000000000000000                895055705.519212722778320
                      70.003571337468216               1027155064.589463353157043                        0.000000000000000               1027155064.589463353157043
                      70.144992693705518               1084434885.935329198837280                        0.000000000000000               1084434885.935329198837280
                      70.286414049942834                894187496.233735680580139                        0.000000000000000                894187496.233735680580139
                      70.427835406180137                457884277.191637754440308                        0.000000000000000                457884277.191637754440308
                      70.569256762417439                135907165.147549957036972                        0.000000000000000                135907165.147549957036972
                      70.710678118654755                 26538716.555355258285999                        0.000000000000000                 26538716.555355258285999
                      70.852099474892071                  3944487.024539858102798                        0.000000000000000                  3944487.024539858102798
                      70.993520831129374                   491174.904187376785558                        0.000000000000000                   491174.904187376785558
                      71.134942187366676                    54260.421463279766613                        0.000000000000000                    54260.421463279766613
                      71.276363543603992                     5508.762559657267047                        0.000000000000000                     5508.762559657267047
                      71.417784899841308                      525.905571299429539                        0.000000000000000                      525.905571299429539
                      71.559206256078610                       47.953981548823215                        0.000000000000000                       47.953981548823215
                      71.700627612315927                        4.222717525627532                        0.000000000000000                        4.222717525627532
                      71.842048968553229                        0.361981798837171                        0.000000000000000                        0.361981798837171
                      71.983470324790545                        0.030387186519860                        0.000000000000000                        0.030387186519860
                      72.124891681027847                        0.002509309410669                        0.000000000000000                        0.002509309410669
                      72.266313037265164                        0.000204537481605                        0.000000000000000                        0.000204537481605
                      72.407734393502480                        0.000016500804168                        0.000000000000000                        0.000016500804168
                      72.549155749739782                        0.000001320251887                        0.000000000000000                        0.000001320251887
                      72.690577105977084                        0.000000104940129                        0.000000000000000                        0.000000104940129
                      72.831998462214401                        0.000000008297074                        0.000000000000000                        0.000000008297074
                      72.973419818451717                        0.000000000653216                        0.000000000000000                        0.000000000653216
                      73.114841174689019                        0.000000000051250                        0.000000000000000                        0.000000000051250
                      73.256262530926321                        0.000000000004010                        0.000000000000000                        0.000000000004010
                      73.397683887163637                        0.000000000000313                        0.000000000000000                        0.000000000000313
                      73.539105243400954                        0.000000000000024                        0.000000000000000                        0.000000000000024
                      73.680526599638256                        0.000000000000002                        0.000000000000000                        0.000000000000002
                      73.821947955875572                        0.000000000000000                        0.000000000000000                        0.000000000000000
                      73.963369312112874                        0.000000000000000                        0.000000000000000                        0.000000000000000
                      74.104790668350191                        0.000000000000000                        0.000000000000000                        0.000000000000000
                      74.246212024587493                        0.000000000000000                        0.000000000000000                        0.000000000000000
                      74.387633380824809                        0.000000000000000                        0.000000000000000                        0.000000000000000
                      74.529054737062111                        0.000000000000000                        0.000000000000000                        0.000000000000000
                      74.670476093299413                        0.000000000000000                        0.000000000000000                        0.000000000000000
                      74.811897449536730                        0.000000000000000                        0.000000000000000                        0.000000000000000
                      74.953318805774046                        0.000000000000000                        0.000000000000000                        0.000000000000000
                      75.094740162011348                        0.000000000000000                        0.000000000000000                        0.000000000000000
                      75.236161518248664                        0.000000000000000                        0.000000000000000                        0.000000000000000
                      75.377582874485967                        0.000000000000000                        0.000000000000000                        0.000000000000000
                      75.519004230723283                        0.000000000000000                        0.000000000000000                        0.000000000000000
                      75.660425586960585                        0.000000000000000                        0.000000000000000                        0.000000000000000
                      75.801846943197901                        0.000000000000000                        0.000000000000000                        0.000000000000000
                      75.943268299435218                        0.000000000000000                        0.000000000000000                        0.000000000000000
                      76.084689655672520                        0.000000000000000                        0.000000000000000                        0.000000000000000
                      76.226111011909822                        0.000000000000000                        0.000000000000000                        0.000000000000000
                      76.367532368147138                        0.000000000000000                        0.000000000000000                        0.000000000000000
                      76.508953724384455                        0.000000000000000                        0.000000000000000                        0.000000000000000
                      76.650375080621757                        0.000000000000000                        0.000000000000000                        0.000000000000000
                      76.791796436859059                        0.000000000000000                        0.000000000000000                        0.000000000000000
                      76.933217793096375                        0.000000000000000                        0.000000000000000                        0.000000000000000
                      77.074639149333692                        0.000000000000000                        0.000000000000000                        0.000000000000000
                      77.216060505570994                        0.000000000000000                        0.000000000000000                        0.000000000000000
                      77.357481861808310                        0.000000000000000                        0.000000000000000                        0.000000000000000
                      77.498903218045612                        0.000000000000000                        0.000000000000000                        0.000000000000000
                      77.640324574282928                        0.000000000000000                        0.000000000000000                        0.000000000000000
                      77.781745930520231                        0.000000000000000                        0.000000000000000                        0.000000000000000
                      77.923167286757547                        0.000000000000000                        0.000000000000000                        0.000000000000000
                      78.064588642994849                        0.000000000000000                        0.000000000000000                        0.000000000000000
                      78.206009999232151                        0.000000000000000                        0.000000000000000                        0.000000000000000
                      78.347431355469467                        0.000000000000000                        0.000000000000000                        0.000000000000000
                      78.488852711706784                        0.000000000000000                        0.000000000000000                        0.000000000000000
                      78.630274067944086                        0.000000000000000                        0.000000000000000                        0.000000000000000
                      78.771695424181402                        0.000000000000000                        0.000000000000000                        0.000000000000000
                      78.913116780418704                        0.000000000000000                        0.000000000000000                        0.000000000000000
                      79.054538136656021                        0.000000000000000                        0.000000000000000                        0.000000000000000
                      79.195959492893323                        0.000000000000000                        0.000000000000000                        0.000000000000000
                      79.337380849130639                        0.000000000000000                        0.000000000000000                        0.000000000000000
                      79.478802205367955                        0.000000000000000                        0.000000000000000                        0.000000000000000
                      79.620223561605258                        0.000000000000000                        0.000000000000000                        0.000000000000000
                      79.761644917842560                        0.000000000000000                        0.000000000000000                        0.000000000000000
                      79.903066274079876                        0.000000000000000                        0.000000000000000                        0.000000000000000
                      80.044487630317192                        0.000000000000000                        0.000000000000000                        0.000000000000000
                      80.185908986554495                        0.000000000000000                        0.000000000000000                        0.000000000000000
                      80.327330342791797                        0.000000000000000                        0.000000000000000                        0.000000000000000
                      80.468751699029113                        0.000000000000000                        0.000000000000000                        0.000000000000000
                      80.610173055266429                        0.000000000000000                        0.000000000000000                        0.000000000000000
                      80.751594411503731                        0.000000000000000                        0.000000000000000                        0.000000000000000
                      80.893015767741048                        0.000000000000000                        0.000000000000000                        0.000000000000000
                      81.034437123978350                        0.000000000000000                        0.000000000000000                        0.000000000000000
                      81.175858480215666                        0.000000000000000                        0.000000000000000                        0.000000000000000
                      81.317279836452968                        0.000000000000000                        0.000000000000000                        0.000000000000000
                      81.458701192690285                        0.000000000000000                        0.000000000000000                        0.000000000000000
                      81.600122548927601                        0.000000000000000                        0.000000000000000                        0.000000000000000
                      81.741543905164889                        0.000000000000000                        0.000000000000000                        0.000000000000000
                      81.882965261402205                        0.000000000000000                        0.000000000000000                        0.000000000000000
                      82.024386617639522                        0.000000000000000                        0.000000000000000                        0.000000000000000
                      82.165807973876824                        0.000000000000000                        0.000000000000000                        0.000000000000000
                      82.307229330114140                        0.000000000000000                        0.000000000000000                        0.000000000000000
                      82.448650686351442                        0.000000000000000                        0.000000000000000                        0.000000000000000
                      82.590072042588758                        0.000000000000000                        0.000000000000000                        0.000000000000000
                      82.731493398826061                        0.000000000000000                        0.000000000000000                        0.000000000000000
                      82.872914755063377                        0.000000000000000                        0.000000000000000                        0.000000000000000
                      83.014336111300693                        0.000000000000000                        0.000000000000000                        0.000000000000000
                      83.155757467537995                        0.000000000000000                        0.000000000000000                        0.000000000000000
                      83.297178823775297                        0.000000000000000                        0.000000000000000                        0.000000000000000
                      83.438600180012614                        0.000000000000000                        0.000000000000000                        0.000000000000000
                      83.580021536249930                        0.000000000000000                        0.000000000000000                        0.000000000000000
                      83.721442892487232                        0.000000000000000                        0.000000000000000                        0.000000000000000
                      83.862864248724534                        0.000000000000000                        0.000000000000000                        0.000000000000000
                      84.004285604961851                        0.000000000000000                        0.000000000000000                        0.000000000000000
                      84.145706961199167                        0.000000000000000                        0.000000000000000                        0.000000000000000
                      84.287128317436469                        0.000000000000000                        0.000000000000000                        0.000000000000000
                      84.428549673673785                        0.000000000000000                        0.000000000000000                        0.000000000000000
                      84.569971029911088                        0.000000000000000                        0.000000000000000                        0.000000000000000
                      84.711392386148404                        0.000000000000000                        0.000000000000000                        0.000000000000000

