                     -77.216060505570994               3311551159.457427024841309                        0.000000000000000               3311551159.457427024841309
                     -77.074639149333692               3311756220.366859436035156                        0.000000000000000               3311756220.366859436035156
                     -76.933217793096375               3311951345.919618606567383                        0.000000000000000               3311951345.919618606567383
                     -76.791796436859059               3312136785.170249938964844                        0.000000000000000               3312136785.170249938964844
                     -76.650375080621757               3312312827.883540630340576                        0.000000000000000               3312312827.883540630340576
                     -76.508953724384455               3312479802.707895755767822                        0.000000000000000               3312479802.707895755767822
                     -76.367532368147138               3312638075.261504650115967                        0.000000000000000               3312638075.261504650115967
                     -76.226111011909822               3312788046.142325878143311                        0.000000000000000               3312788046.142325878143311
                     -76.084689655672520               3312930148.872691154479980                        0.000000000000000               3312930148.872691154479980
                     -75.943268299435218               3313064847.789128303527832                        0.000000000000000               3313064847.789128303527832
                     -75.801846943197901               3313192635.887700080871582                        0.000000000000000               3313192635.887700080871582
                     -75.660425586960585               3313314032.634810447692871                        0.000000000000000               3313314032.634810447692871
                     -75.519004230723283               3313429581.753090381622314                        0.000000000000000               3313429581.753090381622314
                     -75.377582874485967               3313539848.991571903228760                        0.000000000000000               3313539848.991571903228760
                     -75.236161518248664               3313645419.888947486877441                        0.000000000000000               3313645419.888947486877441
                     -75.094740162011348               3313746897.538270473480225                        0.000000000000000               3313746897.538270473480225
                     -74.953318805774046               3313844900.360992908477783                        0.000000000000000               3313844900.360992908477783
                     -74.811897449536730               3313940059.897805213928223                        0.000000000000000               3313940059.897805213928223
                     -74.670476093299413               3314033018.623235702514648                        0.000000000000000               3314033018.623235702514648
                     -74.529054737062111               3314124427.790510177612305                        0.000000000000000               3314124427.790510177612305
                     -74.387633380824809               3314214945.312705039978027                        0.000000000000000               3314214945.312705039978027
                     -74.246212024587493               3314305233.685750484466553                        0.000000000000000               3314305233.685750484466553
                     -74.104790668350191               3314395957.958370685577393                        0.000000000000000               3314395957.958370685577393
                     -73.963369312112874               3314487783.753595352172852                        0.000000000000000               3314487783.753595352172852
                     -73.821947955875572               3314581375.346056461334229                        0.000000000000000               3314581375.346056461334229
                     -73.680526599638256               3314677393.798789978027344                        0.000000000000000               3314677393.798789978027344
                     -73.539105243400954               3314776495.162923336029053                        0.000000000000000               3314776495.162923336029053
                     -73.397683887163637               3314879328.743142127990723                        0.000000000000000               3314879328.743142127990723
                     -73.256262530926321               3314986535.431520462036133                        0.000000000000000               3314986535.431520462036133
                     -73.114841174689019               3315098746.111874103546143                        0.000000000000000               3315098746.111874103546143
                     -72.973419818451717               3315216580.136457920074463                        0.000000000000000               3315216580.136457920074463
                     -72.831998462214401               3315340643.876513004302979                        0.000000000000000               3315340643.876513004302979
                     -72.690577105977084               3315471529.347824573516846                        0.000000000000000               3315471529.347824573516846
                     -72.549155749739782               3315609812.912176609039307                        0.000000000000000               3315609812.912176609039307
                     -72.407734393502480               3315756054.055303573608398                        0.000000000000000               3315756054.055303573608398
                     -72.266313037265164               3315910794.241662979125977                        0.000000000000000               3315910794.241662979125977
                     -72.124891681027847               3316074555.846145153045654                        0.000000000000000               3316074555.846145153045654
                     -71.983470324790545               3316247841.162565231323242                        0.000000000000000               3316247841.162565231323242
                     -71.842048968553229               3316431131.488608837127686                        0.000000000000000               3316431131.488608837127686
                     -71.700627612315927               3316624886.286706924438477                        0.000000000000000               3316624886.286706924438477
                     -71.559206256078610               3316829542.420093059539795                        0.000000000000000               3316829542.420093059539795
                     -71.417784899841308               3317045513.463211536407471                        0.000000000000000               3317045513.463211536407471
                     -71.276363543603992               3317273189.085412979125977                        0.000000000000000               3317273189.085412979125977
                     -71.134942187366676               3317512934.506802558898926                        0.000000000000000               3317512934.506802558898926
                     -70.993520831129374               3317765090.024938583374023                        0.000000000000000               3317765090.024938583374023
                     -70.852099474892071               3318029970.610999107360840                        0.000000000000000               3318029970.610999107360840
                     -70.710678118654755               3318307865.573908805847168                        0.000000000000000               3318307865.573908805847168
                     -70.569256762417439               3318599038.290838718414307                        0.000000000000000               3318599038.290838718414307
                     -70.427835406180137               3318903726.002421379089355                        0.000000000000000               3318903726.002421379089355
                     -70.286414049942834               3319222139.670924663543701                        0.000000000000000               3319222139.670924663543701
                     -70.144992693705518               3319554463.899585247039795                        0.000000000000000               3319554463.899585247039795
                     -70.003571337468216               3319900856.911256313323975                        0.000000000000000               3319900856.911256313323975
                     -69.862149981230900               3320261450.584421634674072                        0.000000000000000               3320261450.584421634674072
                     -69.720728624993583               3320636350.544669151306152                        0.000000000000000               3320636350.544669151306152
                     -69.579307268756281               3321025636.309606552124023                        0.000000000000000               3321025636.309606552124023
                     -69.437885912518979               3321429361.485195636749268                        0.000000000000000               3321429361.485195636749268
                     -69.296464556281663               3321847554.011491775512695                        0.000000000000000               3321847554.011491775512695
                     -69.155043200044346               3322280216.455686092376709                        0.000000000000000               3322280216.455686092376709
                     -69.013621843807044               3322727326.350400924682617                        0.000000000000000               3322727326.350400924682617
                     -68.872200487569742               3323188836.575118541717529                        0.000000000000000               3323188836.575118541717529
                     -68.730779131332426               3323664675.778668403625488                        0.000000000000000               3323664675.778668403625488
                     -68.589357775095110               3324154748.840651035308838                        0.000000000000000               3324154748.840651035308838
                     -68.447936418857807               3324658937.369701862335205                        0.000000000000000               3324658937.369701862335205
                     -68.306515062620491               3325177100.236496448516846                        0.000000000000000               3325177100.236496448516846
                     -68.165093706383189               3325709074.139388561248779                        0.000000000000000               3325709074.139388561248779
                     -68.023672350145873               3326254674.200616359710693                        0.000000000000000               3326254674.200616359710693
                     -67.882250993908571               3326813694.590987682342529                        0.000000000000000               3326813694.590987682342529
                     -67.740829637671254               3327385909.180986881256104                        0.000000000000000               3327385909.180986881256104
                     -67.599408281433938               3327971072.216271400451660                        0.000000000000000               3327971072.216271400451660
                     -67.457986925196636               3328568919.015534400939941                        0.000000000000000               3328568919.015534400939941
                     -67.316565568959334               3329179166.688726425170898                        0.000000000000000               3329179166.688726425170898
                     -67.175144212722017               3329801514.873672485351562                        0.000000000000000               3329801514.873672485351562
                     -67.033722856484701               3330435646.489151477813721                        0.000000000000000               3330435646.489151477813721
                     -66.892301500247399               3331081228.502499580383301                        0.000000000000000               3331081228.502499580383301
                     -66.750880144010097               3331737912.709866046905518                        0.000000000000000               3331737912.709866046905518
                     -66.609458787772780               3332405336.527285099029541                        0.000000000000000               3332405336.527285099029541
                     -66.468037431535478               3333083123.790728569030762                        0.000000000000000               3333083123.790728569030762
                     -66.326616075298162               3333770885.563390254974365                        0.000000000000000               3333770885.563390254974365
                     -66.185194719060846               3334468220.948454380035400                        0.000000000000000               3334468220.948454380035400
                     -66.043773362823543               3335174717.905664443969727                        0.000000000000000               3335174717.905664443969727
                     -65.902352006586241               3335889954.070032119750977                        0.000000000000000               3335889954.070032119750977
                     -65.760930650348925               3336613497.571119785308838                        0.000000000000000               3336613497.571119785308838
                     -65.619509294111609               3337344907.851295948028564                        0.000000000000000               3337344907.851295948028564
                     -65.478087937874307               3338083736.481499195098877                        0.000000000000000               3338083736.481499195098877
                     -65.336666581637004               3338829527.973032474517822                        0.000000000000000               3338829527.973032474517822
                     -65.195245225399688               3339581820.583996295928955                        0.000000000000000               3339581820.583996295928955
                     -65.053823869162372               3340340147.118996620178223                        0.000000000000000               3340340147.118996620178223
                     -64.912402512925070               3341104035.720849514007568                        0.000000000000000               3341104035.720849514007568
                     -64.770981156687753               3341873010.653019905090332                        0.000000000000000               3341873010.653019905090332
                     -64.629559800450451               3342646593.071617603302002                        0.000000000000000               3342646593.071617603302002
                     -64.488138444213135               3343424301.785813331604004                        0.000000000000000               3343424301.785813331604004
                     -64.346717087975833               3344205654.005599975585938                        0.000000000000000               3344205654.005599975585938
                     -64.205295731738516               3344990166.075888633728027                        0.000000000000000               3344990166.075888633728027
                     -64.063874375501200               3345777354.195954322814941                        0.000000000000000               3345777354.195954322814941
                     -63.922453019263905               3346566735.123352050781250                        0.000000000000000               3346566735.123352050781250
                     -63.781031663026596               3347357826.861439228057861                        0.000000000000000               3347357826.861439228057861
                     -63.639610306789280               3348150149.329720020294189                        0.000000000000000               3348150149.329720020294189
                     -63.498188950551970               3348943225.016267299652100                        0.000000000000000               3348943225.016267299652100
                     -63.356767594314661               3349736579.611559867858887                        0.000000000000000               3349736579.611559867858887
                     -63.215346238077359               3350529742.623101234436035                        0.000000000000000               3350529742.623101234436035
                     -63.073924881840043               3351322247.970254898071289                        0.000000000000000               3351322247.970254898071289
                     -62.932503525602733               3352113634.558788776397705                        0.000000000000000               3352113634.558788776397705
                     -62.791082169365424               3352903446.834658145904541                        0.000000000000000               3352903446.834658145904541
                     -62.649660813128108               3353691235.316640377044678                        0.000000000000000               3353691235.316640377044678
                     -62.508239456890813               3354476557.107450008392334                        0.000000000000000               3354476557.107450008392334
                     -62.366818100653497               3355258976.383043289184570                        0.000000000000000               3355258976.383043289184570
                     -62.225396744416187               3356038064.859850406646729                        0.000000000000000               3356038064.859850406646729
                     -62.083975388178878               3356813402.239739418029785                        0.000000000000000               3356813402.239739418029785
                     -61.942554031941562               3357584576.632542610168457                        0.000000000000000               3357584576.632542610168457
                     -61.801132675704260               3358351184.956048011779785                        0.000000000000000               3358351184.956048011779785
                     -61.659711319466950               3359112833.313375473022461                        0.000000000000000               3359112833.313375473022461
                     -61.518289963229641               3359869137.347720623016357                        0.000000000000000               3359869137.347720623016357
                     -61.376868606992325               3360619722.574481487274170                        0.000000000000000               3360619722.574481487274170
                     -61.235447250755016               3361364224.690818786621094                        0.000000000000000               3361364224.690818786621094
                     -61.094025894517713               3362102289.862760543823242                        0.000000000000000               3362102289.862760543823242
                     -60.952604538280404               3362833574.989957332611084                        0.000000000000000               3362833574.989957332611084
                     -60.811183182043088               3363557747.948283672332764                        0.000000000000000               3363557747.948283672332764
                     -60.669761825805779               3364274487.810461997985840                        0.000000000000000               3364274487.810461997985840
                     -60.528340469568469               3364983485.044950008392334                        0.000000000000000               3364983485.044950008392334
                     -60.386919113331167               3365684441.693361759185791                        0.000000000000000               3365684441.693361759185791
                     -60.245497757093858               3366377071.526692390441895                        0.000000000000000               3366377071.526692390441895
                     -60.104076400856542               3367061100.180690765380859                        0.000000000000000               3367061100.180690765380859
                     -59.962655044619233               3367736265.270693778991699                        0.000000000000000               3367736265.270693778991699
                     -59.821233688381923               3368402316.486316204071045                        0.000000000000000               3368402316.486316204071045
                     -59.679812332144621               3369059015.666364669799805                        0.000000000000000               3369059015.666364669799805
                     -59.538390975907305               3369706136.854395389556885                        0.000000000000000               3369706136.854395389556885
                     -59.396969619669996               3370343466.335341930389404                        0.000000000000000               3370343466.335341930389404
                     -59.255548263432686               3370970802.653657913208008                        0.000000000000000               3370970802.653657913208008
                     -59.114126907195370               3371587956.613440513610840                        0.000000000000000               3371587956.613440513610840
                     -58.972705550958075               3372194751.261010169982910                        0.000000000000000               3372194751.261010169982910
                     -58.831284194720759               3372791021.850434780120850                        0.000000000000000               3372791021.850434780120850
                     -58.689862838483450               3373376615.792506694793701                        0.000000000000000               3373376615.792506694793701
                     -58.548441482246140               3373951392.587683677673340                        0.000000000000000               3373951392.587683677673340
                     -58.407020126008824               3374515223.743513584136963                        0.000000000000000               3374515223.743513584136963
                     -58.265598769771522               3375067992.677084922790527                        0.000000000000000               3375067992.677084922790527
                     -58.124177413534213               3375609594.603031158447266                        0.000000000000000               3375609594.603031158447266
                     -57.982756057296903               3376139936.407640933990479                        0.000000000000000               3376139936.407640933990479
                     -57.841334701059587               3376658936.509620666503906                        0.000000000000000               3376658936.509620666503906
                     -57.699913344822278               3377166524.708064556121826                        0.000000000000000               3377166524.708064556121826
                     -57.558491988584976               3377662642.018194675445557                        0.000000000000000               3377662642.018194675445557
                     -57.417070632347667               3378147240.495419025421143                        0.000000000000000               3378147240.495419025421143
                     -57.275649276110350               3378620283.048281192779541                        0.000000000000000               3378620283.048281192779541
                     -57.134227919873041               3379081743.240847587585449                        0.000000000000000               3379081743.240847587585449
                     -56.992806563635732               3379531605.085105895996094                        0.000000000000000               3379531605.085105895996094
                     -56.851385207398430               3379969862.823925018310547                        0.000000000000000               3379969862.823925018310547
                     -56.709963851161120               3380396520.705132961273193                        0.000000000000000               3380396520.705132961273193
                     -56.568542494923804               3380811592.747275829315186                        0.000000000000000               3380811592.747275829315186
                     -56.427121138686495               3381215102.497584342956543                        0.000000000000000               3381215102.497584342956543
                     -56.285699782449186               3381607082.782729148864746                        0.000000000000000               3381607082.782729148864746
                     -56.144278426211883               3381987575.452869892120361                        0.000000000000000               3381987575.452869892120361
                     -56.002857069974567               3382356631.119554519653320                        0.000000000000000               3382356631.119554519653320
                     -55.861435713737258               3382714308.887989997863770                        0.000000000000000               3382714308.887989997863770
                     -55.720014357499949               3383060676.084214210510254                        0.000000000000000               3383060676.084214210510254
                     -55.578593001262632               3383395807.977675437927246                        0.000000000000000               3383395807.977675437927246
                     -55.437171645025330               3383719787.499731540679932                        0.000000000000000               3383719787.499731540679932
                     -55.295750288788021               3384032704.958569049835205                        0.000000000000000               3384032704.958569049835205
                     -55.154328932550712               3384334657.751036643981934                        0.000000000000000               3384334657.751036643981934
                     -55.012907576313403               3384625750.071865558624268                        0.000000000000000               3384625750.071865558624268
                     -54.871486220076086               3384906092.620763301849365                        0.000000000000000               3384906092.620763301849365
                     -54.730064863838784               3385175802.307833671569824                        0.000000000000000               3385175802.307833671569824
                     -54.588643507601475               3385435001.957782268524170                        0.000000000000000               3385435001.957782268524170
                     -54.447222151364166               3385683820.013356208801270                        0.000000000000000               3385683820.013356208801270
                     -54.305800795126849               3385922390.238431453704834                        0.000000000000000               3385922390.238431453704834
                     -54.164379438889540               3386150851.421193599700928                        0.000000000000000               3386150851.421193599700928
                     -54.022958082652238               3386369347.077810287475586                        0.000000000000000               3386369347.077810287475586
                     -53.881536726414929               3386578025.156996726989746                        0.000000000000000               3386578025.156996726989746
                     -53.740115370177612               3386777037.745858192443848                        0.000000000000000               3386777037.745858192443848
                     -53.598694013940303               3386966540.777399063110352                        0.000000000000000               3386966540.777399063110352
                     -53.457272657702994               3387146693.740039348602295                        0.000000000000000               3387146693.740039348602295
                     -53.315851301465692               3387317659.389519691467285                        0.000000000000000               3387317659.389519691467285
                     -53.174429945228383               3387479603.463507175445557                        0.000000000000000               3387479603.463507175445557
                     -53.033008588991066               3387632694.399248123168945                        0.000000000000000               3387632694.399248123168945
                     -52.891587232753757               3387777103.054562568664551                        0.000000000000000               3387777103.054562568664551
                     -52.750165876516448               3387913002.432505130767822                        0.000000000000000               3387913002.432505130767822
                     -52.608744520279146               3388040567.409966468811035                        0.000000000000000               3388040567.409966468811035
                     -52.467323164041829               3388159974.470488071441650                        0.000000000000000               3388159974.470488071441650
                     -52.325901807804520               3388271401.441553115844727                        0.000000000000000               3388271401.441553115844727
                     -52.184480451567211               3388375027.236623764038086                        0.000000000000000               3388375027.236623764038086
                     -52.043059095329895               3388471031.602119445800781                        0.000000000000000               3388471031.602119445800781
                     -51.901637739092592               3388559594.869603157043457                        0.000000000000000               3388559594.869603157043457
                     -51.760216382855283               3388640897.713350296020508                        0.000000000000000               3388640897.713350296020508
                     -51.618795026617974               3388715120.913512706756592                        0.000000000000000               3388715120.913512706756592
                     -51.477373670380665               3388782445.125058650970459                        0.000000000000000               3388782445.125058650970459
                     -51.335952314143348               3388843050.652658462524414                        0.000000000000000               3388843050.652658462524414
                     -51.194530957906046               3388897117.231659889221191                        0.000000000000000               3388897117.231659889221191
                     -51.053109601668737               3388944823.815313816070557                        0.000000000000000               3388944823.815313816070557
                     -50.911688245431428               3388986348.368373394012451                        0.000000000000000               3388986348.368373394012451
                     -50.770266889194112               3389021867.667172431945801                        0.000000000000000               3389021867.667172431945801
                     -50.628845532956802               3389051557.106298923492432                        0.000000000000000               3389051557.106298923492432
                     -50.487424176719500               3389075590.511959552764893                        0.000000000000000               3389075590.511959552764893
                     -50.346002820482191               3389094139.962092876434326                        0.000000000000000               3389094139.962092876434326
                     -50.204581464244875               3389107375.613314151763916                        0.000000000000000               3389107375.613314151763916
                     -50.063160108007565               3389115465.534747123718262                        0.000000000000000               3389115465.534747123718262
                     -49.921738751770256               3389118575.548762321472168                        0.000000000000000               3389118575.548762321472168
                     -49.780317395532954               3389116869.078677654266357                        0.000000000000000               3389116869.078677654266357
                     -49.638896039295645               3389110507.003424644470215                        0.000000000000000               3389110507.003424644470215
                     -49.497474683058329               3389099647.519186019897461                        0.000000000000000               3389099647.519186019897461
                     -49.356053326821019               3389084446.008000850677490                        0.000000000000000               3389084446.008000850677490
                     -49.214631970583710               3389065054.913329124450684                        0.000000000000000               3389065054.913329124450684
                     -49.073210614346408               3389041623.622536182403564                        0.000000000000000               3389041623.622536182403564
                     -48.931789258109092               3389014298.356265068054199                        0.000000000000000               3389014298.356265068054199
                     -48.790367901871782               3388983222.064649581909180                        0.000000000000000               3388983222.064649581909180
                     -48.648946545634473               3388948534.330319404602051                        0.000000000000000               3388948534.330319404602051
                     -48.507525189397157               3388910371.278106689453125                        0.000000000000000               3388910371.278106689453125
                     -48.366103833159855               3388868865.491407394409180                        0.000000000000000               3388868865.491407394409180
                     -48.224682476922546               3388824145.935090065002441                        0.000000000000000               3388824145.935090065002441
                     -48.083261120685236               3388776337.884869098663330                        0.000000000000000               3388776337.884869098663330
                     -47.941839764447920               3388725562.863044738769531                        0.000000000000000               3388725562.863044738769531
                     -47.800418408210611               3388671938.580485820770264                        0.000000000000000               3388671938.580485820770264
                     -47.658997051973309               3388615578.884764671325684                        0.000000000000000               3388615578.884764671325684
                     -47.517575695735999               3388556593.714284896850586                        0.000000000000000               3388556593.714284896850586
                     -47.376154339498690               3388495089.058315277099609                        0.000000000000000               3388495089.058315277099609
                     -47.234732983261374               3388431166.922756671905518                        0.000000000000000               3388431166.922756671905518
                     -47.093311627024065               3388364925.301519393920898                        0.000000000000000               3388364925.301519393920898
                     -46.951890270786762               3388296458.153368473052979                        0.000000000000000               3388296458.153368473052979
                     -46.810468914549453               3388225855.384068012237549                        0.000000000000000               3388225855.384068012237549
                     -46.669047558312137               3388153202.833684444427490                        0.000000000000000               3388153202.833684444427490
                     -46.527626202074828               3388078582.268883705139160                        0.000000000000000               3388078582.268883705139160
                     -46.386204845837518               3388002071.380053520202637                        0.000000000000000               3388002071.380053520202637
                     -46.244783489600216               3387923743.783096790313721                        0.000000000000000               3387923743.783096790313721
                     -46.103362133362907               3387843669.025705337524414                        0.000000000000000               3387843669.025705337524414
                     -45.961940777125591               3387761912.597972869873047                        0.000000000000000               3387761912.597972869873047
                     -45.820519420888282               3387678535.947136402130127                        0.000000000000000               3387678535.947136402130127
                     -45.679098064650972               3387593596.496304988861084                        0.000000000000000               3387593596.496304988861084
                     -45.537676708413670               3387507147.666974544525146                        0.000000000000000               3387507147.666974544525146
                     -45.396255352176354               3387419238.905162811279297                        0.000000000000000               3387419238.905162811279297
                     -45.254833995939045               3387329915.710985183715820                        0.000000000000000               3387329915.710985183715820
                     -45.113412639701735               3387239219.671488285064697                        0.000000000000000               3387239219.671488285064697
                     -44.971991283464426               3387147188.496569156646729                        0.000000000000000               3387147188.496569156646729
                     -44.830569927227117               3387053856.057801246643066                        0.000000000000000               3387053856.057801246643066
                     -44.689148570989808               3386959252.429977893829346                        0.000000000000000               3386959252.429977893829346
                     -44.547727214752499               3386863403.935234069824219                        0.000000000000000               3386863403.935234069824219
                     -44.406305858515182               3386766333.189519882202148                        0.000000000000000               3386766333.189519882202148
                     -44.264884502277880               3386668059.151299476623535                        0.000000000000000               3386668059.151299476623535
                     -44.123463146040571               3386568597.172283172607422                        0.000000000000000               3386568597.172283172607422
                     -43.982041789803262               3386467959.050034523010254                        0.000000000000000               3386467959.050034523010254
                     -43.840620433565952               3386366153.082270622253418                        0.000000000000000               3386366153.082270622253418
                     -43.699199077328636               3386263184.122720241546631                        0.000000000000000               3386263184.122720241546631
                     -43.557777721091334               3386159053.638359069824219                        0.000000000000000               3386159053.638359069824219
                     -43.416356364854018               3386053759.767879009246826                        0.000000000000000               3386053759.767879009246826
                     -43.274935008616715               3385947297.381224155426025                        0.000000000000000               3385947297.381224155426025
                     -43.133513652379399               3385839658.140067577362061                        0.000000000000000               3385839658.140067577362061
                     -42.992092296142090               3385730830.559063911437988                        0.000000000000000               3385730830.559063911437988
                     -42.850670939904781               3385620800.067747592926025                        0.000000000000000               3385620800.067747592926025
                     -42.709249583667471               3385509549.072934150695801                        0.000000000000000               3385509549.072934150695801
                     -42.567828227430169               3385397057.021499633789062                        0.000000000000000               3385397057.021499633789062
                     -42.426406871192853               3385283300.463404178619385                        0.000000000000000               3385283300.463404178619385
                     -42.284985514955544               3385168253.114833354949951                        0.000000000000000               3385168253.114833354949951
                     -42.143564158718235               3385051885.921349525451660                        0.000000000000000               3385051885.921349525451660
                     -42.002142802480925               3384934167.120926380157471                        0.000000000000000               3384934167.120926380157471
                     -41.860721446243616               3384815062.306761741638184                        0.000000000000000               3384815062.306761741638184
                     -41.719300090006307               3384694534.489763259887695                        0.000000000000000               3384694534.489763259887695
                     -41.577878733768998               3384572544.160612583160400                        0.000000000000000               3384572544.160612583160400
                     -41.436457377531688               3384449049.351293087005615                        0.000000000000000               3384449049.351293087005615
                     -41.295036021294379               3384324005.696011066436768                        0.000000000000000               3384324005.696011066436768
                     -41.153614665057070               3384197366.491417884826660                        0.000000000000000               3384197366.491417884826660
                     -41.012193308819761               3384069082.756036281585693                        0.000000000000000               3384069082.756036281585693
                     -40.870771952582444               3383939103.288838386535645                        0.000000000000000               3383939103.288838386535645
                     -40.729350596345142               3383807374.726882457733154                        0.000000000000000               3383807374.726882457733154
                     -40.587929240107833               3383673841.601947307586670                        0.000000000000000               3383673841.601947307586670
                     -40.446507883870524               3383538446.396101951599121                        0.000000000000000               3383538446.396101951599121
                     -40.305086527633215               3383401129.596150398254395                        0.000000000000000               3383401129.596150398254395
                     -40.163665171395898               3383261829.746897220611572                        0.000000000000000               3383261829.746897220611572
                     -40.022243815158596               3383120483.503177165985107                        0.000000000000000               3383120483.503177165985107
                     -39.880822458921280               3382977025.680610656738281                        0.000000000000000               3382977025.680610656738281
                     -39.739401102683978               3382831389.305038452148438                        0.000000000000000               3382831389.305038452148438
                     -39.597979746446661               3382683505.660593509674072                        0.000000000000000               3382683505.660593509674072
                     -39.456558390209352               3382533304.336388587951660                        0.000000000000000               3382533304.336388587951660
                     -39.315137033972043               3382380713.271763801574707                        0.000000000000000               3382380713.271763801574707
                     -39.173715677734734               3382225658.800098896026611                        0.000000000000000               3382225658.800098896026611
                     -39.032294321497425               3382068065.691137313842773                        0.000000000000000               3382068065.691137313842773
                     -38.890872965260115               3381907857.191821098327637                        0.000000000000000               3381907857.191821098327637
                     -38.749451609022806               3381744955.065610408782959                        0.000000000000000               3381744955.065610408782959
                     -38.608030252785497               3381579279.630271911621094                        0.000000000000000               3381579279.630271911621094
                     -38.466608896548188               3381410749.794138908386230                        0.000000000000000               3381410749.794138908386230
                     -38.325187540310878               3381239283.090816497802734                        0.000000000000000               3381239283.090816497802734
                     -38.183766184073569               3381064795.712341785430908                        0.000000000000000               3381064795.712341785430908
                     -38.042344827836260               3380887202.540786743164062                        0.000000000000000               3380887202.540786743164062
                     -37.900923471598951               3380706417.178309440612793                        0.000000000000000               3380706417.178309440612793
                     -37.759502115361641               3380522351.975657463073730                        0.000000000000000               3380522351.975657463073730
                     -37.618080759124332               3380334918.059120655059814                        0.000000000000000               3380334918.059120655059814
                     -37.476659402887023               3380144025.355951786041260                        0.000000000000000               3380144025.355951786041260
                     -37.335238046649707               3379949582.618247032165527                        0.000000000000000               3379949582.618247032165527
                     -37.193816690412405               3379751497.445319175720215                        0.000000000000000               3379751497.445319175720215
                     -37.052395334175095               3379549676.304561138153076                        0.000000000000000               3379549676.304561138153076
                     -36.910973977937786               3379344024.550812244415283                        0.000000000000000               3379344024.550812244415283
                     -36.769552621700477               3379134446.444262504577637                        0.000000000000000               3379134446.444262504577637
                     -36.628131265463161               3378920845.166882991790771                        0.000000000000000               3378920845.166882991790771
                     -36.486709909225858               3378703122.837432861328125                        0.000000000000000               3378703122.837432861328125
                     -36.345288552988542               3378481180.525040626525879                        0.000000000000000               3378481180.525040626525879
                     -36.203867196751240               3378254918.261385440826416                        0.000000000000000               3378254918.261385440826416
                     -36.062445840513924               3378024235.051517009735107                        0.000000000000000               3378024235.051517009735107
                     -35.921024484276614               3377789028.883306503295898                        0.000000000000000               3377789028.883306503295898
                     -35.779603128039305               3377549196.735588550567627                        0.000000000000000               3377549196.735588550567627
                     -35.638181771801996               3377304634.584985256195068                        0.000000000000000               3377304634.584985256195068
                     -35.496760415564687               3377055237.411470890045166                        0.000000000000000               3377055237.411470890045166
                     -35.355339059327378               3376800899.202676773071289                        0.000000000000000               3376800899.202676773071289
                     -35.213917703090068               3376541512.956975936889648                        0.000000000000000               3376541512.956975936889648
                     -35.072496346852759               3376276970.685370445251465                        0.000000000000000               3376276970.685370445251465
                     -34.931074990615450               3376007163.412220954895020                        0.000000000000000               3376007163.412220954895020
                     -34.789653634378141               3375731981.174825191497803                        0.000000000000000               3375731981.174825191497803
                     -34.648232278140831               3375451313.021893024444580                        0.000000000000000               3375451313.021893024444580
                     -34.506810921903522               3375165047.010941505432129                        0.000000000000000               3375165047.010941505432129
                     -34.365389565666213               3374873070.204625606536865                        0.000000000000000               3374873070.204625606536865
                     -34.223968209428904               3374575268.666059494018555                        0.000000000000000               3374575268.666059494018555
                     -34.082546853191594               3374271527.453127861022949                        0.000000000000000               3374271527.453127861022949
                     -33.941125496954285               3373961730.611842155456543                        0.000000000000000               3373961730.611842155456543
                     -33.799704140716969               3373645761.168749809265137                        0.000000000000000               3373645761.168749809265137
                     -33.658282784479667               3373323501.122434139251709                        0.000000000000000               3373323501.122434139251709
                     -33.516861428242350               3372994831.434146404266357                        0.000000000000000               3372994831.434146404266357
                     -33.375440072005048               3372659632.017562866210938                        0.000000000000000               3372659632.017562866210938
                     -33.234018715767739               3372317781.727736473083496                        0.000000000000000               3372317781.727736473083496
                     -33.092597359530423               3371969158.349241256713867                        0.000000000000000               3371969158.349241256713867
                     -32.951176003293121               3371613638.583554267883301                        0.000000000000000               3371613638.583554267883301
                     -32.809754647055804               3371251098.035686969757080                        0.000000000000000               3371251098.035686969757080
                     -32.668333290818502               3370881411.200109958648682                        0.000000000000000               3370881411.200109958648682
                     -32.526911934581186               3370504451.445986270904541                        0.000000000000000               3370504451.445986270904541
                     -32.385490578343877               3370120091.001741409301758                        0.000000000000000               3370120091.001741409301758
                     -32.244069222106567               3369728200.939000129699707                        0.000000000000000               3369728200.939000129699707
                     -32.102647865869258               3369328651.155909061431885                        0.000000000000000               3369328651.155909061431885
                     -31.961226509631953               3368921310.359880924224854                        0.000000000000000               3368921310.359880924224854
                     -31.819805153394640               3368506046.049770832061768                        0.000000000000000               3368506046.049770832061768
                     -31.678383797157331               3368082724.497519969940186                        0.000000000000000               3368082724.497519969940186
                     -31.536962440920021               3367651210.729290008544922                        0.000000000000000               3367651210.729290008544922
                     -31.395541084682712               3367211368.506103515625000                        0.000000000000000               3367211368.506103515625000
                     -31.254119728445406               3366763060.304029464721680                        0.000000000000000               3366763060.304029464721680
                     -31.112698372208094               3366306147.293910980224609                        0.000000000000000               3366306147.293910980224609
                     -30.971277015970781               3365840489.320687770843506                        0.000000000000000               3365840489.320687770843506
                     -30.829855659733475               3365365944.882317066192627                        0.000000000000000               3365365944.882317066192627
                     -30.688434303496162               3364882371.108311176300049                        0.000000000000000               3364882371.108311176300049
                     -30.547012947258857               3364389623.737929344177246                        0.000000000000000               3364389623.737929344177246
                     -30.405591591021544               3363887557.098035335540771                        0.000000000000000               3363887557.098035335540771
                     -30.264170234784235               3363376024.080631732940674                        0.000000000000000               3363376024.080631732940674
                     -30.122748878546929               3362854876.120118141174316                        0.000000000000000               3362854876.120118141174316
                     -29.981327522309616               3362323963.170255184173584                        0.000000000000000               3362323963.170255184173584
                     -29.839906166072311               3361783133.680895805358887                        0.000000000000000               3361783133.680895805358887
                     -29.698484809834998               3361232234.574464797973633                        0.000000000000000               3361232234.574464797973633
                     -29.557063453597685               3360671111.222233772277832                        0.000000000000000               3360671111.222233772277832
                     -29.415642097360379               3360099607.420392513275146                        0.000000000000000               3360099607.420392513275146
                     -29.274220741123070               3359517565.365947723388672                        0.000000000000000               3359517565.365947723388672
                     -29.132799384885761               3358924825.632453918457031                        0.000000000000000               3358924825.632453918457031
                     -28.991378028648452               3358321227.145605087280273                        0.000000000000000               3358321227.145605087280273
                     -28.849956672411139               3357706607.158706665039062                        0.000000000000000               3357706607.158706665039062
                     -28.708535316173833               3357080801.228025436401367                        0.000000000000000               3357080801.228025436401367
                     -28.567113959936520               3356443643.188061714172363                        0.000000000000000               3356443643.188061714172363
                     -28.425692603699215               3355794965.126741886138916                        0.000000000000000               3355794965.126741886138916
                     -28.284271247461902               3355134597.360557556152344                        0.000000000000000               3355134597.360557556152344
                     -28.142849891224593               3354462368.409659862518311                        0.000000000000000               3354462368.409659862518311
                     -28.001428534987284               3353778104.972930431365967                        0.000000000000000               3353778104.972930431365967
                     -27.860007178749974               3353081631.903052330017090                        0.000000000000000               3353081631.903052330017090
                     -27.718585822512665               3352372772.181583881378174                        0.000000000000000               3352372772.181583881378174
                     -27.577164466275356               3351651346.894055366516113                        0.000000000000000               3351651346.894055366516113
                     -27.435743110038043               3350917175.205115795135498                        0.000000000000000               3350917175.205115795135498
                     -27.294321753800737               3350170074.333733081817627                        0.000000000000000               3350170074.333733081817627
                     -27.152900397563425               3349409859.528466701507568                        0.000000000000000               3349409859.528466701507568
                     -27.011479041326119               3348636344.042834758758545                        0.000000000000000               3348636344.042834758758545
                     -26.870057685088806               3347849339.110788345336914                        0.000000000000000               3347849339.110788345336914
                     -26.728636328851497               3347048653.922303676605225                        0.000000000000000               3347048653.922303676605225
                     -26.587214972614191               3346234095.599119663238525                        0.000000000000000               3346234095.599119663238525
                     -26.445793616376879               3345405469.170628547668457                        0.000000000000000               3345405469.170628547668457
                     -26.304372260139573               3344562577.549941062927246                        0.000000000000000               3344562577.549941062927246
                     -26.162950903902260               3343705221.510136127471924                        0.000000000000000               3343705221.510136127471924
                     -26.021529547664947               3342833199.660726070404053                        0.000000000000000               3342833199.660726070404053
                     -25.880108191427642               3341946308.424329280853271                        0.000000000000000               3341946308.424329280853271
                     -25.738686835190332               3341044342.013603210449219                        0.000000000000000               3341044342.013603210449219
                     -25.597265478953023               3340127092.408421993255615                        0.000000000000000               3340127092.408421993255615
                     -25.455844122715714               3339194349.333324909210205                        0.000000000000000               3339194349.333324909210205
                     -25.314422766478401               3338245900.235272884368896                        0.000000000000000               3338245900.235272884368896
                     -25.173001410241095               3337281530.261702537536621                        0.000000000000000               3337281530.261702537536621
                     -25.031580054003783               3336301022.238914489746094                        0.000000000000000               3336301022.238914489746094
                     -24.890158697766477               3335304156.650813102722168                        0.000000000000000               3335304156.650813102722168
                     -24.748737341529164               3334290711.618005275726318                        0.000000000000000               3334290711.618005275726318
                     -24.607315985291855               3333260462.877287864685059                        0.000000000000000               3333260462.877287864685059
                     -24.465894629054546               3332213183.761541366577148                        0.000000000000000               3332213183.761541366577148
                     -24.324473272817237               3331148645.180048465728760                        0.000000000000000               3331148645.180048465728760
                     -24.183051916579927               3330066615.599256038665771                        0.000000000000000               3330066615.599256038665771
                     -24.041630560342618               3328966861.024000644683838                        0.000000000000000               3328966861.024000644683838
                     -23.900209204105305               3327849144.979224681854248                        0.000000000000000               3327849144.979224681854248
                     -23.758787847868000               3326713228.492199897766113                        0.000000000000000               3326713228.492199897766113
                     -23.617366491630687               3325558870.075269222259521                        0.000000000000000               3325558870.075269222259521
                     -23.475945135393381               3324385825.709157466888428                        0.000000000000000               3324385825.709157466888428
                     -23.334523779156068               3323193848.826839923858643                        0.000000000000000               3323193848.826839923858643
                     -23.193102422918759               3321982690.298015117645264                        0.000000000000000               3321982690.298015117645264
                     -23.051681066681454               3320752098.414196491241455                        0.000000000000000               3320752098.414196491241455
                     -22.910259710444141               3319501818.874442577362061                        0.000000000000000               3319501818.874442577362061
                     -22.768838354206835               3318231594.771759510040283                        0.000000000000000               3318231594.771759510040283
                     -22.627416997969522               3316941166.580194950103760                        0.000000000000000               3316941166.580194950103760
                     -22.485995641732213               3315630272.142649173736572                        0.000000000000000               3315630272.142649173736572
                     -22.344574285494904               3314298646.659425735473633                        0.000000000000000               3314298646.659425735473633
                     -22.203152929257591               3312946022.677556991577148                        0.000000000000000               3312946022.677556991577148
                     -22.061731573020285               3311572130.080918312072754                        0.000000000000000               3311572130.080918312072754
                     -21.920310216782976               3310176696.081171512603760                        0.000000000000000               3310176696.081171512603760
                     -21.778888860545667               3308759445.209554672241211                        0.000000000000000               3308759445.209554672241211
                     -21.637467504308358               3307320099.309548377990723                        0.000000000000000               3307320099.309548377990723
                     -21.496046148071045               3305858377.530458450317383                        0.000000000000000               3305858377.530458450317383
                     -21.354624791833736               3304373996.321918964385986                        0.000000000000000               3304373996.321918964385986
                     -21.213203435596427               3302866669.429375171661377                        0.000000000000000               3302866669.429375171661377
                     -21.071782079359117               3301336107.890555858612061                        0.000000000000000               3301336107.890555858612061
                     -20.930360723121808               3299782020.032970905303955                        0.000000000000000               3299782020.032970905303955
                     -20.788939366884499               3298204111.472467899322510                        0.000000000000000               3298204111.472467899322510
                     -20.647518010647190               3296602085.112879276275635                        0.000000000000000               3296602085.112879276275635
                     -20.506096654409880               3294975641.146791934967041                        0.000000000000000               3294975641.146791934967041
                     -20.364675298172571               3293324477.057459831237793                        0.000000000000000               3293324477.057459831237793
                     -20.223253941935262               3291648287.621921062469482                        0.000000000000000               3291648287.621921062469482
                     -20.081832585697949               3289946764.915317535400391                        0.000000000000000               3289946764.915317535400391
                     -19.940411229460640               3288219598.316483974456787                        0.000000000000000               3288219598.316483974456787
                     -19.798989873223331               3286466474.514815807342529                        0.000000000000000               3286466474.514815807342529
                     -19.657568516986021               3284687077.518468856811523                        0.000000000000000               3284687077.518468856811523
                     -19.516147160748712               3282881088.663908004760742                        0.000000000000000               3282881088.663908004760742
                     -19.374725804511403               3281048186.626865386962891                        0.000000000000000               3281048186.626865386962891
                     -19.233304448274094               3279188047.434717178344727                        0.000000000000000               3279188047.434717178344727
                     -19.091883092036785               3277300344.480336666107178                        0.000000000000000               3277300344.480336666107178
                     -18.950461735799475               3275384748.537451744079590                        0.000000000000000               3275384748.537451744079590
                     -18.809040379562166               3273440927.777539730072021                        0.000000000000000               3273440927.777539730072021
                     -18.667619023324853               3271468547.788311004638672                        0.000000000000000               3271468547.788311004638672
                     -18.526197667087548               3269467271.593803405761719                        0.000000000000000               3269467271.593803405761719
                     -18.384776310850238               3267436759.676141262054443                        0.000000000000000               3267436759.676141262054443
                     -18.243354954612929               3265376669.998981952667236                        0.000000000000000               3265376669.998981952667236
                     -18.101933598375620               3263286658.032706260681152                        0.000000000000000               3263286658.032706260681152
                     -17.960512242138307               3261166376.781377315521240                        0.000000000000000               3261166376.781377315521240
                     -17.819090885900998               3259015476.811510086059570                        0.000000000000000               3259015476.811510086059570
                     -17.677669529663689               3256833606.282698631286621                        0.000000000000000               3256833606.282698631286621
                     -17.536248173426380               3254620410.980139255523682                        0.000000000000000               3254620410.980139255523682
                     -17.394826817189070               3252375534.349075794219971                        0.000000000000000               3252375534.349075794219971
                     -17.253405460951761               3250098617.531224727630615                        0.000000000000000               3250098617.531224727630615
                     -17.111984104714452               3247789299.403209686279297                        0.000000000000000               3247789299.403209686279297
                     -16.970562748477143               3245447216.617048263549805                        0.000000000000000               3245447216.617048263549805
                     -16.829141392239833               3243072003.642729759216309                        0.000000000000000               3243072003.642729759216309
                     -16.687720036002524               3240663292.812928199768066                        0.000000000000000               3240663292.812928199768066
                     -16.546298679765211               3238220714.369879722595215                        0.000000000000000               3238220714.369879722595215
                     -16.404877323527902               3235743896.514477729797363                        0.000000000000000               3235743896.514477729797363
                     -16.263455967290593               3233232465.457609653472900                        0.000000000000000               3233232465.457609653472900
                     -16.122034611053284               3230686045.473792076110840                        0.000000000000000               3230686045.473792076110840
                     -15.980613254815976               3228104258.957124233245850                        0.000000000000000               3228104258.957124233245850
                     -15.839191898578665               3225486726.479611873626709                        0.000000000000000               3225486726.479611873626709
                     -15.697770542341356               3222833066.851890087127686                        0.000000000000000               3222833066.851890087127686
                     -15.556349186104047               3220142897.186394214630127                        0.000000000000000               3220142897.186394214630127
                     -15.414927829866738               3217415832.962997913360596                        0.000000000000000               3217415832.962997913360596
                     -15.273506473629428               3214651488.097165584564209                        0.000000000000000               3214651488.097165584564209
                     -15.132085117392117               3211849475.010668754577637                        0.000000000000000               3211849475.010668754577637
                     -14.990663761154808               3209009404.704859256744385                        0.000000000000000               3209009404.704859256744385
                     -14.849242404917499               3206130886.836582660675049                        0.000000000000000               3206130886.836582660675049
                     -14.707821048680190               3203213529.796723365783691                        0.000000000000000               3203213529.796723365783691
                     -14.566399692442880               3200256940.791449546813965                        0.000000000000000               3200256940.791449546813965
                     -14.424978336205569               3197260725.926153659820557                        0.000000000000000               3197260725.926153659820557
                     -14.283556979968260               3194224490.292141914367676                        0.000000000000000               3194224490.292141914367676
                     -14.142135623730951               3191147838.056099414825439                        0.000000000000000               3191147838.056099414825439
                     -14.000714267493642               3188030372.552348613739014                        0.000000000000000               3188030372.552348613739014
                     -13.859292911256333               3184871696.377928733825684                        0.000000000000000               3184871696.377928733825684
                     -13.717871555019022               3181671411.490534305572510                        0.000000000000000               3181671411.490534305572510
                     -13.576450198781712               3178429119.309311866760254                        0.000000000000000               3178429119.309311866760254
                     -13.435028842544403               3175144420.818562984466553                        0.000000000000000               3175144420.818562984466553
                     -13.293607486307096               3171816916.674355983734131                        0.000000000000000               3171816916.674355983734131
                     -13.152186130069786               3168446207.314061164855957                        0.000000000000000               3168446207.314061164855957
                     -13.010764773832474               3165031893.068849086761475                        0.000000000000000               3165031893.068849086761475
                     -12.869343417595166               3161573574.279132843017578                        0.000000000000000               3161573574.279132843017578
                     -12.727922061357857               3158070851.413000106811523                        0.000000000000000               3158070851.413000106811523
                     -12.586500705120548               3154523325.187616348266602                        0.000000000000000               3154523325.187616348266602
                     -12.445079348883239               3150930596.693630695343018                        0.000000000000000               3150930596.693630695343018
                     -12.303657992645928               3147292267.522566318511963                        0.000000000000000               3147292267.522566318511963
                     -12.162236636408618               3143607939.897224426269531                        0.000000000000000               3143607939.897224426269531
                     -12.020815280171309               3139877216.805085182189941                        0.000000000000000               3139877216.805085182189941
                     -11.879393923934000               3136099702.134697437286377                        0.000000000000000               3136099702.134697437286377
                     -11.737972567696691               3132275000.815080165863037                        0.000000000000000               3132275000.815080165863037
                     -11.596551211459380               3128402718.958093166351318                        0.000000000000000               3128402718.958093166351318
                     -11.455129855222070               3124482464.003806591033936                        0.000000000000000               3124482464.003806591033936
                     -11.313708498984761               3120513844.868807792663574                        0.000000000000000               3120513844.868807792663574
                     -11.172287142747452               3116496472.097474098205566                        0.000000000000000               3116496472.097474098205566
                     -11.030865786510143               3112429958.016172885894775                        0.000000000000000               3112429958.016172885894775
                     -10.889444430272833               3108313916.890350818634033                        0.000000000000000               3108313916.890350818634033
                     -10.748023074035522               3104147965.084522724151611                        0.000000000000000               3104147965.084522724151611
                     -10.606601717798213               3099931721.225095272064209                        0.000000000000000               3099931721.225095272064209
                     -10.465180361560904               3095664806.366016387939453                        0.000000000000000               3095664806.366016387939453
                     -10.323759005323595               3091346844.157195568084717                        0.000000000000000               3091346844.157195568084717
                     -10.182337649086286               3086977461.015675544738770                        0.000000000000000               3086977461.015675544738770
                     -10.040916292848975               3082556286.299489974975586                        0.000000000000000               3082556286.299489974975586
                      -9.899494936611665               3078082952.484181404113770                        0.000000000000000               3078082952.484181404113770
                      -9.758073580374356               3073557095.341897487640381                        0.000000000000000               3073557095.341897487640381
                      -9.616652224137047               3068978354.123051643371582                        0.000000000000000               3068978354.123051643371582
                      -9.475230867899738               3064346371.740446090698242                        0.000000000000000               3064346371.740446090698242
                      -9.333809511662427               3059660794.955822944641113                        0.000000000000000               3059660794.955822944641113
                      -9.192388155425119               3054921274.568765163421631                        0.000000000000000               3054921274.568765163421631
                      -9.050966799187810               3050127465.607869625091553                        0.000000000000000               3050127465.607869625091553
                      -8.909545442950499               3045279027.524132728576660                        0.000000000000000               3045279027.524132728576660
                      -8.768124086713190               3040375624.386442661285400                        0.000000000000000               3040375624.386442661285400
                      -8.626702730475881               3035416925.079125404357910                        0.000000000000000               3035416925.079125404357910
                      -8.485281374238571               3030402603.501422882080078                        0.000000000000000               3030402603.501422882080078
                      -8.343860018001262               3025332338.768834590911865                        0.000000000000000               3025332338.768834590911865
                      -8.202438661763951               3020205815.416215419769287                        0.000000000000000               3020205815.416215419769287
                      -8.061017305526642               3015022723.602511882781982                        0.000000000000000               3015022723.602511882781982
                      -7.919595949289333               3009782759.317066669464111                        0.000000000000000               3009782759.317066669464111
                      -7.778174593052023               3004485624.587341308593750                        0.000000000000000               3004485624.587341308593750
                      -7.636753236814714               2999131027.687965393066406                        0.000000000000000               2999131027.687965393066406
                      -7.495331880577404               2993718683.350982189178467                        0.000000000000000               2993718683.350982189178467
                      -7.353910524340095               2988248312.977168560028076                        0.000000000000000               2988248312.977168560028076
                      -7.212489168102785               2982719644.848304748535156                        0.000000000000000               2982719644.848304748535156
                      -7.071067811865476               2977132414.340246200561523                        0.000000000000000               2977132414.340246200561523
                      -6.929646455628166               2971486364.136678695678711                        0.000000000000000               2971486364.136678695678711
                      -6.788225099390856               2965781244.443405628204346                        0.000000000000000               2965781244.443405628204346
                      -6.646803743153548               2960016813.203011989593506                        0.000000000000000               2960016813.203011989593506
                      -6.505382386916237               2954192836.309778213500977                        0.000000000000000               2954192836.309778213500977
                      -6.363961030678928               2948309087.824660778045654                        0.000000000000000               2948309087.824660778045654
                      -6.222539674441619               2942365350.190214157104492                        0.000000000000000               2942365350.190214157104492
                      -6.081118318204309               2936361414.445259094238281                        0.000000000000000               2936361414.445259094238281
                      -5.939696961967000               2930297080.439153671264648                        0.000000000000000               2930297080.439153671264648
                      -5.798275605729690               2924172157.045488834381104                        0.000000000000000               2924172157.045488834381104
                      -5.656854249492381               2917986462.375039577484131                        0.000000000000000               2917986462.375039577484131
                      -5.515432893255071               2911739823.987797737121582                        0.000000000000000               2911739823.987797737121582
                      -5.374011537017761               2905432079.103889465332031                        0.000000000000000               2905432079.103889465332031
                      -5.232590180780452               2899063074.813217163085938                        0.000000000000000               2899063074.813217163085938
                      -5.091168824543143               2892632668.283636569976807                        0.000000000000000               2892632668.283636569976807
                      -4.949747468305833               2886140726.967465400695801                        0.000000000000000               2886140726.967465400695801
                      -4.808326112068523               2879587128.806143760681152                        0.000000000000000               2879587128.806143760681152
                      -4.666904755831213               2872971762.432858943939209                        0.000000000000000               2872971762.432858943939209
                      -4.525483399593905               2866294527.372928619384766                        0.000000000000000               2866294527.372928619384766
                      -4.384062043356595               2859555334.241751194000244                        0.000000000000000               2859555334.241751194000244
                      -4.242640687119286               2852754104.940114498138428                        0.000000000000000               2852754104.940114498138428
                      -4.101219330881976               2845890772.846686363220215                        0.000000000000000               2845890772.846686363220215
                      -3.959797974644666               2838965283.007451057434082                        0.000000000000000               2838965283.007451057434082
                      -3.818376618407357               2831977592.321927070617676                        0.000000000000000               2831977592.321927070617676
                      -3.676955262170047               2824927669.725919246673584                        0.000000000000000               2824927669.725919246673584
                      -3.535533905932738               2817815496.370651245117188                        0.000000000000000               2817815496.370651245117188
                      -3.394112549695428               2810641065.798023223876953                        0.000000000000000               2810641065.798023223876953
                      -3.252691193458118               2803404384.111834526062012                        0.000000000000000               2803404384.111834526062012
                      -3.111269837220810               2796105470.144733905792236                        0.000000000000000               2796105470.144733905792236
                      -2.969848480983500               2788744355.620730400085449                        0.000000000000000               2788744355.620730400085449
                      -2.828427124746190               2781321085.312977790832520                        0.000000000000000               2781321085.312977790832520
                      -2.687005768508881               2773835717.196819782257080                        0.000000000000000               2773835717.196819782257080
                      -2.545584412271571               2766288322.597620487213135                        0.000000000000000               2766288322.597620487213135
                      -2.404163056034262               2758678986.333437919616699                        0.000000000000000               2758678986.333437919616699
                      -2.262741699796952               2751007806.852201461791992                        0.000000000000000               2751007806.852201461791992
                      -2.121320343559643               2743274896.363212108612061                        0.000000000000000               2743274896.363212108612061
                      -1.979898987322333               2735480380.962901115417480                        0.000000000000000               2735480380.962901115417480
                      -1.838477631085024               2727624400.754383087158203                        0.000000000000000               2727624400.754383087158203
                      -1.697056274847714               2719707109.961013317108154                        0.000000000000000               2719707109.961013317108154
                      -1.555634918610405               2711728677.033350467681885                        0.000000000000000               2711728677.033350467681885
                      -1.414213562373095               2703689284.749675273895264                        0.000000000000000               2703689284.749675273895264
                      -1.272792206135786               2695589130.309706687927246                        0.000000000000000               2695589130.309706687927246
                      -1.131370849898476               2687428425.421453475952148                        0.000000000000000               2687428425.421453475952148
                      -0.989949493661167               2679207396.380938529968262                        0.000000000000000               2679207396.380938529968262
                      -0.848528137423857               2670926284.144733905792236                        0.000000000000000               2670926284.144733905792236
                      -0.707106781186548               2662585344.395120620727539                        0.000000000000000               2662585344.395120620727539
                      -0.565685424949238               2654184847.597643375396729                        0.000000000000000               2654184847.597643375396729
                      -0.424264068711929               2645725079.051114082336426                        0.000000000000000               2645725079.051114082336426
                      -0.282842712474619               2637206338.929734706878662                        0.000000000000000               2637206338.929734706878662
                      -0.141421356237310               2628628942.317282676696777                        0.000000000000000               2628628942.317282676696777
                       0.000000000000000               2619993219.233356952667236                        0.000000000000000               2619993219.233356952667236
                       0.141421356237310               2611299514.651269435882568                        0.000000000000000               2611299514.651269435882568
                       0.282842712474619               2602548188.507913589477539                        0.000000000000000               2602548188.507913589477539
                       0.424264068711929               2593739615.705043315887451                        0.000000000000000               2593739615.705043315887451
                       0.565685424949238               2584874186.102287769317627                        0.000000000000000               2584874186.102287769317627
                       0.707106781186548               2575952304.501489162445068                        0.000000000000000               2575952304.501489162445068
                       0.848528137423857               2566974390.622519969940186                        0.000000000000000               2566974390.622519969940186
                       0.989949493661167               2557940879.070426464080811                        0.000000000000000               2557940879.070426464080811
                       1.131370849898476               2548852219.293809890747070                        0.000000000000000               2548852219.293809890747070
                       1.272792206135786               2539708875.534474372863770                        0.000000000000000               2539708875.534474372863770
                       1.414213562373095               2530511326.768257617950439                        0.000000000000000               2530511326.768257617950439
                       1.555634918610405               2521260066.637017250061035                        0.000000000000000               2521260066.637017250061035
                       1.697056274847714               2511955603.371771335601807                        0.000000000000000               2511955603.371771335601807
                       1.838477631085024               2502598459.706991672515869                        0.000000000000000               2502598459.706991672515869
                       1.979898987322333               2493189172.786018848419189                        0.000000000000000               2493189172.786018848419189
                       2.121320343559643               2483728294.057643890380859                        0.000000000000000               2483728294.057643890380859
                       2.262741699796952               2474216389.163828849792480                        0.000000000000000               2474216389.163828849792480
                       2.404163056034262               2464654037.818670272827148                        0.000000000000000               2464654037.818670272827148
                       2.545584412271571               2455041833.678570270538330                        0.000000000000000               2455041833.678570270538330
                       2.687005768508881               2445380384.203720092773438                        0.000000000000000               2445380384.203720092773438
                       2.828427124746190               2435670310.510912895202637                        0.000000000000000               2435670310.510912895202637
                       2.969848480983500               2425912247.217778682708740                        0.000000000000000               2425912247.217778682708740
                       3.111269837220810               2416106842.278570175170898                        0.000000000000000               2416106842.278570175170898
                       3.252691193458118               2406254756.811413764953613                        0.000000000000000               2406254756.811413764953613
                       3.394112549695428               2396356664.917400836944580                        0.000000000000000               2396356664.917400836944580
                       3.535533905932738               2386413253.491326808929443                        0.000000000000000               2386413253.491326808929443
                       3.676955262170047               2376425222.024458885192871                        0.000000000000000               2376425222.024458885192871
                       3.818376618407357               2366393282.399263381958008                        0.000000000000000               2366393282.399263381958008
                       3.959797974644666               2356318158.676332950592041                        0.000000000000000               2356318158.676332950592041
                       4.101219330881976               2346200586.873652458190918                        0.000000000000000               2346200586.873652458190918
                       4.242640687119286               2336041314.738301277160645                        0.000000000000000               2336041314.738301277160645
                       4.384062043356595               2325841101.510800361633301                        0.000000000000000               2325841101.510800361633301
                       4.525483399593905               2315600717.682275772094727                        0.000000000000000               2315600717.682275772094727
                       4.666904755831213               2305320944.744616031646729                        0.000000000000000               2305320944.744616031646729
                       4.808326112068523               2295002574.933751583099365                        0.000000000000000               2295002574.933751583099365
                       4.949747468305833               2284646410.966367721557617                        0.000000000000000               2284646410.966367721557617
                       5.091168824543143               2274253265.770123004913330                        0.000000000000000               2274253265.770123004913330
                       5.232590180780452               2263823962.207677364349365                        0.000000000000000               2263823962.207677364349365
                       5.374011537017761               2253359332.794707298278809                        0.000000000000000               2253359332.794707298278809
                       5.515432893255071               2242860219.412149906158447                        0.000000000000000               2242860219.412149906158447
                       5.656854249492381               2232327473.012845516204834                        0.000000000000000               2232327473.012845516204834
                       5.798275605729690               2221761953.322940349578857                        0.000000000000000               2221761953.322940349578857
                       5.939696961967000               2211164528.538106918334961                        0.000000000000000               2211164528.538106918334961
                       6.081118318204309               2200536075.015034675598145                        0.000000000000000               2200536075.015034675598145
                       6.222539674441619               2189877476.958262443542480                        0.000000000000000               2189877476.958262443542480
                       6.363961030678928               2179189626.102741718292236                        0.000000000000000               2179189626.102741718292236
                       6.505382386916237               2168473421.392262458801270                        0.000000000000000               2168473421.392262458801270
                       6.646803743153548               2157729768.654168605804443                        0.000000000000000               2157729768.654168605804443
                       6.788225099390856               2146959580.270483732223511                        0.000000000000000               2146959580.270483732223511
                       6.929646455628166               2136163774.845784425735474                        0.000000000000000               2136163774.845784425735474
                       7.071067811865476               2125343276.872102975845337                        0.000000000000000               2125343276.872102975845337
                       7.212489168102785               2114499016.391109943389893                        0.000000000000000               2114499016.391109943389893
                       7.353910524340095               2103631928.653887748718262                        0.000000000000000               2103631928.653887748718262
                       7.495331880577404               2092742953.778553485870361                        0.000000000000000               2092742953.778553485870361
                       7.636753236814714               2081833036.406030178070068                        0.000000000000000               2081833036.406030178070068
                       7.778174593052023               2070903125.354234695434570                        0.000000000000000               2070903125.354234695434570
                       7.919595949289333               2059954173.271028041839600                        0.000000000000000               2059954173.271028041839600
                       8.061017305526642               2048987136.286114692687988                        0.000000000000000               2048987136.286114692687988
                       8.202438661763951               2038002973.662324428558350                        0.000000000000000               2038002973.662324428558350
                       8.343860018001262               2027002647.446443080902100                        0.000000000000000               2027002647.446443080902100
                       8.485281374238571               2015987122.119950771331787                        0.000000000000000               2015987122.119950771331787
                       8.626702730475881               2004957364.249980211257935                        0.000000000000000               2004957364.249980211257935
                       8.768124086713190               1993914342.140736579895020                        0.000000000000000               1993914342.140736579895020
                       8.909545442950499               1982859025.485764265060425                        0.000000000000000               1982859025.485764265060425
                       9.050966799187810               1971792385.021246433258057                        0.000000000000000               1971792385.021246433258057
                       9.192388155425119               1960715392.180814981460571                        0.000000000000000               1960715392.180814981460571
                       9.333809511662427               1949629018.751968145370483                        0.000000000000000               1949629018.751968145370483
                       9.475230867899738               1938534236.534630775451660                        0.000000000000000               1938534236.534630775451660
                       9.616652224137047               1927432017.002000093460083                        0.000000000000000               1927432017.002000093460083
                       9.758073580374356               1916323330.964098453521729                        0.000000000000000               1916323330.964098453521729
                       9.899494936611665               1905209148.234334468841553                        0.000000000000000               1905209148.234334468841553
                      10.040916292848975               1894090437.299410581588745                        0.000000000000000               1894090437.299410581588745
                      10.182337649086286               1882968164.992937326431274                        0.000000000000000               1882968164.992937326431274
                      10.323759005323595               1871843296.173105239868164                        0.000000000000000               1871843296.173105239868164
                      10.465180361560904               1860716793.404754161834717                        0.000000000000000               1860716793.404754161834717
                      10.606601717798213               1849589616.646287918090820                        0.000000000000000               1849589616.646287918090820
                      10.748023074035522               1838462722.941829204559326                        0.000000000000000               1838462722.941829204559326
                      10.889444430272833               1827337066.118893861770630                        0.000000000000000               1827337066.118893861770630
                      11.030865786510143               1816213596.492294788360596                        0.000000000000000               1816213596.492294788360596
                      11.172287142747452               1805093260.574538707733154                        0.000000000000000               1805093260.574538707733154
                      11.313708498984761               1793977000.793174266815186                        0.000000000000000               1793977000.793174266815186
                      11.455129855222070               1782865755.215909481048584                        0.000000000000000               1782865755.215909481048584
                      11.596551211459380               1771760457.283721923828125                        0.000000000000000               1771760457.283721923828125
                      11.737972567696691               1760662035.552822589874268                        0.000000000000000               1760662035.552822589874268
                      11.879393923934000               1749571413.446028232574463                        0.000000000000000               1749571413.446028232574463
                      12.020815280171309               1738489509.014243364334106                        0.000000000000000               1738489509.014243364334106
                      12.162236636408618               1727417234.708959579467773                        0.000000000000000               1727417234.708959579467773
                      12.303657992645928               1716355497.166437387466431                        0.000000000000000               1716355497.166437387466431
                      12.445079348883239               1705305197.004641532897949                        0.000000000000000               1705305197.004641532897949
                      12.586500705120548               1694267228.633897542953491                        0.000000000000000               1694267228.633897542953491
                      12.727922061357857               1683242480.082291841506958                        0.000000000000000               1683242480.082291841506958
                      12.869343417595166               1672231832.837234258651733                        0.000000000000000               1672231832.837234258651733
                      13.010764773832474               1661236161.704245090484619                        0.000000000000000               1661236161.704245090484619
                      13.152186130069786               1650256334.684661626815796                        0.000000000000000               1650256334.684661626815796
                      13.293607486307096               1639293212.873737335205078                        0.000000000000000               1639293212.873737335205078
                      13.435028842544403               1628347650.380904674530029                        0.000000000000000               1628347650.380904674530029
                      13.576450198781712               1617420494.274173736572266                        0.000000000000000               1617420494.274173736572266
                      13.717871555019022               1606512584.550782918930054                        0.000000000000000               1606512584.550782918930054
                      13.859292911256333               1595624754.136359691619873                        0.000000000000000               1595624754.136359691619873
                      14.000714267493642               1584757828.915248155593872                        0.000000000000000               1584757828.915248155593872
                      14.142135623730951               1573912627.794698238372803                        0.000000000000000               1573912627.794698238372803
                      14.283556979968260               1563089962.806051015853882                        0.000000000000000               1563089962.806051015853882
                      14.424978336205569               1552290639.246229648590088                        0.000000000000000               1552290639.246229648590088
                      14.566399692442880               1541515455.863209962844849                        0.000000000000000               1541515455.863209962844849
                      14.707821048680190               1530765205.089458703994751                        0.000000000000000               1530765205.089458703994751
                      14.849242404917499               1520040673.327742815017700                        0.000000000000000               1520040673.327742815017700
                      14.990663761154808               1509342641.293993711471558                        0.000000000000000               1509342641.293993711471558
                      15.132085117392117               1498671884.422428369522095                        0.000000000000000               1498671884.422428369522095
                      15.273506473629428               1488029173.338609695434570                        0.000000000000000               1488029173.338609695434570
                      15.414927829866738               1477415274.406403303146362                        0.000000000000000               1477415274.406403303146362
                      15.556349186104047               1466830950.355649232864380                        0.000000000000000               1466830950.355649232864380
                      15.697770542341356               1456276960.997475624084473                        0.000000000000000               1456276960.997475624084473
                      15.839191898578665               1445754064.035192728042603                        0.000000000000000               1445754064.035192728042603
                      15.980613254815976               1435263015.979049444198608                        0.000000000000000               1435263015.979049444198608
                      16.122034611053284               1424804573.173835277557373                        0.000000000000000               1424804573.173835277557373
                      16.263455967290593               1414379492.949071168899536                        0.000000000000000               1414379492.949071168899536
                      16.404877323527902               1403988534.902251958847046                        0.000000000000000               1403988534.902251958847046
                      16.546298679765211               1393632462.326249361038208                        0.000000000000000               1393632462.326249361038208
                      16.687720036002524               1383312043.792989253997803                        0.000000000000000               1383312043.792989253997803
                      16.829141392239833               1373028054.906149864196777                        0.000000000000000               1373028054.906149864196777
                      16.970562748477143               1362781280.236682891845703                        0.000000000000000               1362781280.236682891845703
                      17.111984104714452               1352572515.455871343612671                        0.000000000000000               1352572515.455871343612671
                      17.253405460951761               1342402569.681408643722534                        0.000000000000000               1342402569.681408643722534
                      17.394826817189070               1332272268.053334951400757                        0.000000000000000               1332272268.053334951400757
                      17.536248173426380               1322182454.557337999343872                        0.000000000000000               1322182454.557337999343872
                      17.677669529663689               1312133995.114422798156738                        0.000000000000000               1312133995.114422798156738
                      17.819090885900998               1302127780.956673145294189                        0.000000000000000               1302127780.956673145294189
                      17.960512242138307               1292164732.310436010360718                        0.000000000000000               1292164732.310436010360718
                      18.101933598375620               1282245802.409136056900024                        0.000000000000000               1282245802.409136056900024
                      18.243354954612929               1272371981.859456539154053                        0.000000000000000               1272371981.859456539154053
                      18.384776310850238               1262544303.385848522186279                        0.000000000000000               1262544303.385848522186279
                      18.526197667087548               1252763846.979791402816772                        0.000000000000000               1252763846.979791402816772
                      18.667619023324853               1243031745.481645107269287                        0.000000000000000               1243031745.481645107269287
                      18.809040379562166               1233349190.624468326568604                        0.000000000000000               1233349190.624468326568604
                      18.950461735799475               1223717439.570908546447754                        0.000000000000000               1223717439.570908546447754
                      19.091883092036785               1214137821.975805997848511                        0.000000000000000               1214137821.975805997848511
                      19.233304448274094               1204611747.609144926071167                        0.000000000000000               1204611747.609144926071167
                      19.374725804511403               1195140714.575840950012207                        0.000000000000000               1195140714.575840950012207
                      19.516147160748712               1185726318.170931816101074                        0.000000000000000               1185726318.170931816101074
                      19.657568516986021               1176370260.411064863204956                        0.000000000000000               1176370260.411064863204956
                      19.798989873223331               1167074360.285638332366943                        0.000000000000000               1167074360.285638332366943
                      19.940411229460640               1157840564.773549556732178                        0.000000000000000               1157840564.773549556732178
                      20.081832585697949               1148670960.674553871154785                        0.000000000000000               1148670960.674553871154785
                      20.223253941935262               1139567787.307610750198364                        0.000000000000000               1139567787.307610750198364
                      20.364675298172571               1130533450.131981372833252                        0.000000000000000               1130533450.131981372833252
                      20.506096654409880               1121570535.351325035095215                        0.000000000000000               1121570535.351325035095215
                      20.647518010647190               1112681825.565359830856323                        0.000000000000000               1112681825.565359830856323
                      20.788939366884499               1103870316.539005517959595                        0.000000000000000               1103870316.539005517959595
                      20.930360723121808               1095139235.164908409118652                        0.000000000000000               1095139235.164908409118652
                      21.071782079359117               1086492058.701765537261963                        0.000000000000000               1086492058.701765537261963
                      21.213203435596427               1077932535.378825902938843                        0.000000000000000               1077932535.378825902938843
                      21.354624791833736               1069464706.465461730957031                        0.000000000000000               1069464706.465461730957031
                      21.496046148071045               1061092929.914792418479919                        0.000000000000000               1061092929.914792418479919
                      21.637467504308358               1052821905.701905846595764                        0.000000000000000               1052821905.701905846595764
                      21.778888860545667               1044656702.990136504173279                        0.000000000000000               1044656702.990136504173279
                      21.920310216782976               1036602789.274170756340027                        0.000000000000000               1036602789.274170756340027
                      22.061731573020285               1028666061.665819525718689                        0.000000000000000               1028666061.665819525718689
                      22.203152929257591               1020852880.508262395858765                        0.000000000000000               1020852880.508262395858765
                      22.344574285494904               1013170105.527415037155151                        0.000000000000000               1013170105.527415037155151
                      22.485995641732213               1005625134.755146741867065                        0.000000000000000               1005625134.755146741867065
                      22.627416997969522                998225946.489501953125000                        0.000000000000000                998225946.489501953125000
                      22.768838354206835                990981144.591791152954102                        0.000000000000000                990981144.591791152954102
                      22.910259710444141                983900007.460632443428040                        0.000000000000000                983900007.460632443428040
                      23.051681066681454                976992541.069641470909119                        0.000000000000000                976992541.069641470909119
                      23.193102422918759                970269536.509180068969727                        0.000000000000000                970269536.509180068969727
                      23.334523779156068                963742632.535315394401550                        0.000000000000000                963742632.535315394401550
                      23.475945135393381                957424383.701815485954285                        0.000000000000000                957424383.701815485954285
                      23.617366491630687                951328334.736051440238953                        0.000000000000000                951328334.736051440238953
                      23.758787847868000                945469101.919145345687866                        0.000000000000000                945469101.919145345687866
                      23.900209204105305                939862462.347497105598450                        0.000000000000000                939862462.347497105598450
                      24.041630560342618                934525452.090403556823730                        0.000000000000000                934525452.090403556823730
                      24.183051916579927                929476474.421257734298706                        0.000000000000000                929476474.421257734298706
                      24.324473272817237                924735419.492777109146118                        0.000000000000000                924735419.492777109146118
                      24.465894629054546                920323797.056756258010864                        0.000000000000000                920323797.056756258010864
                      24.607315985291855                916264884.103576421737671                        0.000000000000000                916264884.103576421737671
                      24.748737341529164                912583889.626677870750427                        0.000000000000000                912583889.626677870750427
                      24.890158697766477                909308139.114213228225708                        0.000000000000000                909308139.114213228225708
                      25.031580054003783                906467281.850433945655823                        0.000000000000000                906467281.850433945655823
                      25.173001410241095                904093524.691499948501587                        0.000000000000000                904093524.691499948501587
                      25.314422766478401                902221896.689394593238831                        0.000000000000000                902221896.689394593238831
                      25.455844122715714                900890549.803253054618835                        0.000000000000000                900890549.803253054618835
                      25.597265478953023                900141101.998020648956299                        0.000000000000000                900141101.998020648956299
                      25.738686835190332                900019030.333883404731750                        0.000000000000000                900019030.333883404731750
                      25.880108191427642                900574123.256801128387451                        0.000000000000000                900574123.256801128387451
                      26.021529547664947                901861003.287081360816956                        0.000000000000000                901861003.287081360816956
                      26.162950903902260                903939733.765731692314148                        0.000000000000000                903939733.765731692314148
                      26.304372260139573                906876526.379804730415344                        0.000000000000000                906876526.379804730415344
                      26.445793616376879                910744570.003007173538208                        0.000000000000000                910744570.003007173538208
                      26.587214972614191                915625006.153084397315979                        0.000000000000000                915625006.153084397315979
                      26.728636328851497                921608082.331724166870117                        0.000000000000000                921608082.331724166870117
                      26.870057685088806                928794521.989988327026367                        0.000000000000000                928794521.989988327026367
                      27.011479041326119                937297159.246190190315247                        0.000000000000000                937297159.246190190315247
                      27.152900397563425                947242898.262718915939331                        0.000000000000000                947242898.262718915939331
                      27.294321753800737                958775071.956568479537964                        0.000000000000000                958775071.956568479537964
                      27.435743110038043                972056293.175467610359192                        0.000000000000000                972056293.175467610359192
                      27.577164466275356                987271914.386302590370178                        0.000000000000000                987271914.386302590370178
                      27.718585822512665               1004634240.035546779632568                        0.000000000000000               1004634240.035546779632568
                      27.860007178749974               1024387669.503152728080750                        0.000000000000000               1024387669.503152728080750
                      28.001428534987284               1046814987.572123527526855                        0.000000000000000               1046814987.572123527526855
                      28.142849891224593               1072245061.059447407722473                        0.000000000000000               1072245061.059447407722473
                      28.284271247461902               1101062237.443490982055664                        0.000000000000000               1101062237.443490982055664
                      28.425692603699215               1133717756.415322303771973                        0.000000000000000               1133717756.415322303771973
                      28.567113959936520               1170743438.611748218536377                        0.000000000000000               1170743438.611748218536377
                      28.708535316173833               1212767720.332469224929810                        0.000000000000000               1212767720.332469224929810
                      28.849956672411139               1260533569.595047473907471                        0.000000000000000               1260533569.595047473907471
                      28.991378028648452               1314916535.067949056625366                        0.000000000000000               1314916535.067949056625366
                      29.132799384885761               1376938238.183239459991455                        0.000000000000000               1376938238.183239459991455
                      29.274220741123070               1447763999.736080646514893                        0.000000000000000               1447763999.736080646514893
                      29.415642097360379               1528658440.897442579269409                        0.000000000000000               1528658440.897442579269409
                      29.557063453597685               1620839486.295173406600952                        0.000000000000000               1620839486.295173406600952
                      29.698484809834998               1725096067.999403238296509                        0.000000000000000               1725096067.999403238296509
                      29.839906166072311               1840868872.778691291809082                        0.000000000000000               1840868872.778691291809082
                      29.981327522309616               1964150499.926794767379761                        0.000000000000000               1964150499.926794767379761
                      30.122748878546929               2082993456.491622447967529                        0.000000000000000               2082993456.491622447967529
                      30.264170234784235               2169224225.058213233947754                        0.000000000000000               2169224225.058213233947754
                      30.405591591021544               2168959811.574832916259766                        0.000000000000000               2168959811.574832916259766
                      30.547012947258857               2012741512.512799024581909                        0.000000000000000               2012741512.512799024581909
                      30.688434303496162               1683995807.756266117095947                        0.000000000000000               1683995807.756266117095947
                      30.829855659733475               1289854885.713614463806152                        0.000000000000000               1289854885.713614463806152
                      30.971277015970781                970536270.807637453079224                        0.000000000000000                970536270.807637453079224
                      31.112698372208094                767011328.316645145416260                        0.000000000000000                767011328.316645145416260
                      31.254119728445406                647027044.350813031196594                        0.000000000000000                647027044.350813031196594
                      31.395541084682712                573968042.285447597503662                        0.000000000000000                573968042.285447597503662
                      31.536962440920021                526279725.102249383926392                        0.000000000000000                526279725.102249383926392
                      31.678383797157331                493051797.026672840118408                        0.000000000000000                493051797.026672840118408
                      31.819805153394640                468664666.898229241371155                        0.000000000000000                468664666.898229241371155
                      31.961226509631953                450018925.173638939857483                        0.000000000000000                450018925.173638939857483
                      32.102647865869258                435284296.115855753421783                        0.000000000000000                435284296.115855753421783
                      32.244069222106567                423318457.646772205829620                        0.000000000000000                423318457.646772205829620
                      32.385490578343877                413377116.248726189136505                        0.000000000000000                413377116.248726189136505
                      32.526911934581186                404958816.873155355453491                        0.000000000000000                404958816.873155355453491
                      32.668333290818502                397716767.239540040493011                        0.000000000000000                397716767.239540040493011
                      32.809754647055804                391406204.743038058280945                        0.000000000000000                391406204.743038058280945
                      32.951176003293121                385851662.176468491554260                        0.000000000000000                385851662.176468491554260
                      33.092597359530423                380925896.179427206516266                        0.000000000000000                380925896.179427206516266
                      33.234018715767739                376535925.321539044380188                        0.000000000000000                376535925.321539044380188
                      33.375440072005048                372613552.456758797168732                        0.000000000000000                372613552.456758797168732
                      33.516861428242350                369108800.634240090847015                        0.000000000000000                369108800.634240090847015
                      33.658282784479667                365985291.666904926300049                        0.000000000000000                365985291.666904926300049
                      33.799704140716969                363216949.604174196720123                        0.000000000000000                363216949.604174196720123
                      33.941125496954285                360785625.877533316612244                        0.000000000000000                360785625.877533316612244
                      34.082546853191594                358679376.974427700042725                        0.000000000000000                358679376.974427700042725
                      34.223968209428904                356891211.531337797641754                        0.000000000000000                356891211.531337797641754
                      34.365389565666213                355418180.290215492248535                        0.000000000000000                355418180.290215492248535
                      34.506810921903522                354260720.379447877407074                        0.000000000000000                354260720.379447877407074
                      34.648232278140831                353422191.482162177562714                        0.000000000000000                353422191.482162177562714
                      34.789653634378141                352908559.748239815235138                        0.000000000000000                352908559.748239815235138
                      34.931074990615450                352728198.401184439659119                        0.000000000000000                352728198.401184439659119
                      35.072496346852759                352891783.587452650070190                        0.000000000000000                352891783.587452650070190
                      35.213917703090068                353412271.250599563121796                        0.000000000000000                353412271.250599563121796
                      35.355339059327378                354304946.468877494335175                        0.000000000000000                354304946.468877494335175
                      35.496760415564687                355587541.332742333412170                        0.000000000000000                355587541.332742333412170
                      35.638181771801996                357280421.478357672691345                        0.000000000000000                357280421.478357672691345
                      35.779603128039305                359406845.171914935112000                        0.000000000000000                359406845.171914935112000
                      35.921024484276614                361993302.653107345104218                        0.000000000000000                361993302.653107345104218
                      36.062445840513924                365069947.579802572727203                        0.000000000000000                365069947.579802572727203
                      36.203867196751240                368671137.177398622035980                        0.000000000000000                368671137.177398622035980
                      36.345288552988542                372836103.444992244243622                        0.000000000000000                372836103.444992244243622
                      36.486709909225858                377609784.957779586315155                        0.000000000000000                377609784.957779586315155
                      36.628131265463161                383043858.024619460105896                        0.000000000000000                383043858.024619460105896
                      36.769552621700477                389198018.017147123813629                        0.000000000000000                389198018.017147123813629
                      36.910973977937786                396141577.703167140483856                        0.000000000000000                396141577.703167140483856
                      37.052395334175095                403955470.977140605449677                        0.000000000000000                403955470.977140605449677
                      37.193816690412405                412734779.762293756008148                        0.000000000000000                412734779.762293756008148
                      37.335238046649707                422591942.378133714199066                        0.000000000000000                422591942.378133714199066
                      37.476659402887023                433660858.219892978668213                        0.000000000000000                433660858.219892978668213
                      37.618080759124332                446102183.506951212882996                        0.000000000000000                446102183.506951212882996
                      37.759502115361641                460110227.241776168346405                        0.000000000000000                460110227.241776168346405
                      37.900923471598951                475922022.495068430900574                        0.000000000000000                475922022.495068430900574
                      38.042344827836260                493829392.455517888069153                        0.000000000000000                493829392.455517888069153
                      38.183766184073569                514195195.843238770961761                        0.000000000000000                514195195.843238770961761
                      38.325187540310878                537475490.804897427558899                        0.000000000000000                537475490.804897427558899
                      38.466608896548188                564250212.414849996566772                        0.000000000000000                564250212.414849996566772
                      38.608030252785497                595266302.080311059951782                        0.000000000000000                595266302.080311059951782
                      38.749451609022806                631499366.605544924736023                        0.000000000000000                631499366.605544924736023
                      38.890872965260115                674243389.754457235336304                        0.000000000000000                674243389.754457235336304
                      39.032294321497425                725243568.040496349334717                        0.000000000000000                725243568.040496349334717
                      39.173715677734734                786896038.486682295799255                        0.000000000000000                786896038.486682295799255
                      39.315137033972043                862550455.677623510360718                        0.000000000000000                862550455.677623510360718
                      39.456558390209352                956961213.852796316146851                        0.000000000000000                956961213.852796316146851
                      39.597979746446661               1076901289.268437623977661                        0.000000000000000               1076901289.268437623977661
                      39.739401102683978               1231674532.748493194580078                        0.000000000000000               1231674532.748493194580078
                      39.880822458921280               1431730217.750983476638794                        0.000000000000000               1431730217.750983476638794
                      40.022243815158596               1675989964.840001583099365                        0.000000000000000               1675989964.840001583099365
                      40.163665171395898               1886656041.147215843200684                        0.000000000000000               1886656041.147215843200684
                      40.305086527633215               1707414623.182070493698120                        0.000000000000000               1707414623.182070493698120
                      40.446507883870524                862128018.378935337066650                        0.000000000000000                862128018.378935337066650
                      40.587929240107833                209340160.303135037422180                        0.000000000000000                209340160.303135037422180
                      40.729350596345142                 29975885.310671266168356                        0.000000000000000                 29975885.310671266168356
                      40.870771952582444                  3138573.185765535570681                        0.000000000000000                  3138573.185765535570681
                      41.012193308819761                   271920.839742125535849                        0.000000000000000                   271920.839742125535849
                      41.153614665057070                    20855.476350056374940                        0.000000000000000                    20855.476350056374940
                      41.295036021294379                     1472.881157408823356                        0.000000000000000                     1472.881157408823356
                      41.436457377531688                       98.167968405616378                        0.000000000000000                       98.167968405616378
                      41.577878733768998                        6.275711679786221                        0.000000000000000                        6.275711679786221
                      41.719300090006307                        0.389105318110672                        0.000000000000000                        0.389105318110672
                      41.860721446243616                        0.023582127292198                        0.000000000000000                        0.023582127292198
                      42.002142802480925                        0.001404960986567                        0.000000000000000                        0.001404960986567
                      42.143564158718235                        0.000082625196082                        0.000000000000000                        0.000082625196082
                      42.284985514955544                        0.000004811361237                        0.000000000000000                        0.000004811361237
                      42.426406871192853                        0.000000278059742                        0.000000000000000                        0.000000278059742
                      42.567828227430169                        0.000000015976672                        0.000000000000000                        0.000000015976672
                      42.709249583667471                        0.000000000913892                        0.000000000000000                        0.000000000913892
                      42.850670939904781                        0.000000000052097                        0.000000000000000                        0.000000000052097
                      42.992092296142090                        0.000000000002962                        0.000000000000000                        0.000000000002962
                      43.133513652379399                        0.000000000000168                        0.000000000000000                        0.000000000000168
                      43.274935008616715                        0.000000000000010                        0.000000000000000                        0.000000000000010
                      43.416356364854018                        0.000000000000001                        0.000000000000000                        0.000000000000001
                      43.557777721091334                        0.000000000000000                        0.000000000000000                        0.000000000000000
                      43.699199077328636                        0.000000000000000                        0.000000000000000                        0.000000000000000
                      43.840620433565952                        0.000000000000000                        0.000000000000000                        0.000000000000000
                      43.982041789803262                        0.000000000000000                        0.000000000000000                        0.000000000000000
                      44.123463146040571                        0.000000000000000                        0.000000000000000                        0.000000000000000
                      44.264884502277880                        0.000000000000000                        0.000000000000000                        0.000000000000000
                      44.406305858515182                        0.000000000000000                        0.000000000000000                        0.000000000000000
                      44.547727214752499                        0.000000000000000                        0.000000000000000                        0.000000000000000
                      44.689148570989808                        0.000000000000000                        0.000000000000000                        0.000000000000000
                      44.830569927227117                        0.000000000000000                        0.000000000000000                        0.000000000000000
                      44.971991283464426                        0.000000000000000                        0.000000000000000                        0.000000000000000
                      45.113412639701735                        0.000000000000000                        0.000000000000000                        0.000000000000000
                      45.254833995939045                        0.000000000000000                        0.000000000000000                        0.000000000000000
                      45.396255352176354                        0.000000000000000                        0.000000000000000                        0.000000000000000
                      45.537676708413670                        0.000000000000000                        0.000000000000000                        0.000000000000000
                      45.679098064650972                        0.000000000000000                        0.000000000000000                        0.000000000000000
                      45.820519420888282                        0.000000000000000                        0.000000000000000                        0.000000000000000
                      45.961940777125591                        0.000000000000000                        0.000000000000000                        0.000000000000000
                      46.103362133362907                        0.000000000000000                        0.000000000000000                        0.000000000000000
                      46.244783489600216                        0.000000000000000                        0.000000000000000                        0.000000000000000
                      46.386204845837518                        0.000000000000000                        0.000000000000000                        0.000000000000000
                      46.527626202074828                        0.000000000000000                        0.000000000000000                        0.000000000000000
                      46.669047558312137                        0.000000000000000                        0.000000000000000                        0.000000000000000
                      46.810468914549453                        0.000000000000000                        0.000000000000000                        0.000000000000000
                      46.951890270786762                        0.000000000000000                        0.000000000000000                        0.000000000000000
                      47.093311627024065                        0.000000000000000                        0.000000000000000                        0.000000000000000
                      47.234732983261374                        0.000000000000000                        0.000000000000000                        0.000000000000000
                      47.376154339498690                        0.000000000000000                        0.000000000000000                        0.000000000000000
                      47.517575695735999                        0.000000000000000                        0.000000000000000                        0.000000000000000
                      47.658997051973309                        0.000000000000000                        0.000000000000000                        0.000000000000000
                      47.800418408210611                        0.000000000000000                        0.000000000000000                        0.000000000000000
                      47.941839764447920                        0.000000000000000                        0.000000000000000                        0.000000000000000
                      48.083261120685236                        0.000000000000000                        0.000000000000000                        0.000000000000000
                      48.224682476922546                        0.000000000000000                        0.000000000000000                        0.000000000000000
                      48.366103833159855                        0.000000000000000                        0.000000000000000                        0.000000000000000
                      48.507525189397157                        0.000000000000000                        0.000000000000000                        0.000000000000000
                      48.648946545634473                        0.000000000000000                        0.000000000000000                        0.000000000000000
                      48.790367901871782                        0.000000000000000                        0.000000000000000                        0.000000000000000
                      48.931789258109092                        0.000000000000000                        0.000000000000000                        0.000000000000000
                      49.073210614346408                        0.000000000000000                        0.000000000000000                        0.000000000000000
                      49.214631970583710                        0.000000000000000                        0.000000000000000                        0.000000000000000
                      49.356053326821019                        0.000000000000000                        0.000000000000000                        0.000000000000000
                      49.497474683058329                        0.000000000000000                        0.000000000000000                        0.000000000000000
                      49.638896039295645                        0.000000000000000                        0.000000000000000                        0.000000000000000
                      49.780317395532954                        0.000000000000000                        0.000000000000000                        0.000000000000000
                      49.921738751770256                        0.000000000000000                        0.000000000000000                        0.000000000000000
                      50.063160108007565                        0.000000000000000                        0.000000000000000                        0.000000000000000
                      50.204581464244875                        0.000000000000000                        0.000000000000000                        0.000000000000000
                      50.346002820482191                        0.000000000000000                        0.000000000000000                        0.000000000000000
                      50.487424176719500                        0.000000000000000                        0.000000000000000                        0.000000000000000
                      50.628845532956802                        0.000000000000000                        0.000000000000000                        0.000000000000000
                      50.770266889194112                        0.000000000000000                        0.000000000000000                        0.000000000000000
                      50.911688245431428                        0.000000000000000                        0.000000000000000                        0.000000000000000
                      51.053109601668737                        0.000000000000000                        0.000000000000000                        0.000000000000000
                      51.194530957906046                        0.000000000000000                        0.000000000000000                        0.000000000000000
                      51.335952314143348                        0.000000000000000                        0.000000000000000                        0.000000000000000
                      51.477373670380665                        0.000000000000000                        0.000000000000000                        0.000000000000000
                      51.618795026617974                        0.000000000000000                        0.000000000000000                        0.000000000000000
                      51.760216382855283                        0.000000000000000                        0.000000000000000                        0.000000000000000
                      51.901637739092592                        0.000000000000000                        0.000000000000000                        0.000000000000000
                      52.043059095329895                        0.000000000000000                        0.000000000000000                        0.000000000000000
                      52.184480451567211                        0.000000000000000                        0.000000000000000                        0.000000000000000
                      52.325901807804520                        0.000000000000000                        0.000000000000000                        0.000000000000000
                      52.467323164041829                        0.000000000000000                        0.000000000000000                        0.000000000000000
                      52.608744520279146                        0.000000000000000                        0.000000000000000                        0.000000000000000
                      52.750165876516448                        0.000000000000000                        0.000000000000000                        0.000000000000000
                      52.891587232753757                        0.000000000000000                        0.000000000000000                        0.000000000000000
                      53.033008588991066                        0.000000000000000                        0.000000000000000                        0.000000000000000
                      53.174429945228383                        0.000000000000000                        0.000000000000000                        0.000000000000000
                      53.315851301465692                        0.000000000000000                        0.000000000000000                        0.000000000000000
                      53.457272657702994                        0.000000000000000                        0.000000000000000                        0.000000000000000
                      53.598694013940303                        0.000000000000000                        0.000000000000000                        0.000000000000000
                      53.740115370177612                        0.000000000000000                        0.000000000000000                        0.000000000000000
                      53.881536726414929                        0.000000000000000                        0.000000000000000                        0.000000000000000
                      54.022958082652238                        0.000000000000000                        0.000000000000000                        0.000000000000000
                      54.164379438889540                        0.000000000000000                        0.000000000000000                        0.000000000000000
                      54.305800795126849                        0.000000000000000                        0.000000000000000                        0.000000000000000
                      54.447222151364166                        0.000000000000000                        0.000000000000000                        0.000000000000000
                      54.588643507601475                        0.000000000000000                        0.000000000000000                        0.000000000000000
                      54.730064863838784                        0.000000000000000                        0.000000000000000                        0.000000000000000
                      54.871486220076086                        0.000000000000000                        0.000000000000000                        0.000000000000000
                      55.012907576313403                        0.000000000000000                        0.000000000000000                        0.000000000000000
                      55.154328932550712                        0.000000000000000                        0.000000000000000                        0.000000000000000
                      55.295750288788021                        0.000000000000000                        0.000000000000000                        0.000000000000000
                      55.437171645025330                        0.000000000000000                        0.000000000000000                        0.000000000000000
                      55.578593001262632                        0.000000000000000                        0.000000000000000                        0.000000000000000
                      55.720014357499949                        0.000000000000000                        0.000000000000000                        0.000000000000000
                      55.861435713737258                        0.000000000000000                        0.000000000000000                        0.000000000000000
                      56.002857069974567                        0.000000000000000                        0.000000000000000                        0.000000000000000
                      56.144278426211883                        0.000000000000000                        0.000000000000000                        0.000000000000000
                      56.285699782449186                        0.000000000000000                        0.000000000000000                        0.000000000000000
                      56.427121138686495                        0.000000000000000                        0.000000000000000                        0.000000000000000
                      56.568542494923804                        0.000000000000000                        0.000000000000000                        0.000000000000000
                      56.709963851161120                        0.000000000000000                        0.000000000000000                        0.000000000000000
                      56.851385207398430                        0.000000000000000                        0.000000000000000                        0.000000000000000
                      56.992806563635732                        0.000000000000000                        0.000000000000000                        0.000000000000000
                      57.134227919873041                        0.000000000000000                        0.000000000000000                        0.000000000000000
                      57.275649276110350                        0.000000000000000                        0.000000000000000                        0.000000000000000
                      57.417070632347667                        0.000000000000000                        0.000000000000000                        0.000000000000000
                      57.558491988584976                        0.000000000000000                        0.000000000000000                        0.000000000000000
                      57.699913344822278                        0.000000000000000                        0.000000000000000                        0.000000000000000
                      57.841334701059587                        0.000000000000000                        0.000000000000000                        0.000000000000000
                      57.982756057296903                        0.000000000000000                        0.000000000000000                        0.000000000000000
                      58.124177413534213                        0.000000000000000                        0.000000000000000                        0.000000000000000
                      58.265598769771522                        0.000000000000000                        0.000000000000000                        0.000000000000000
                      58.407020126008824                        0.000000000000000                        0.000000000000000                        0.000000000000000
                      58.548441482246140                        0.000000000000000                        0.000000000000000                        0.000000000000000
                      58.689862838483450                        0.000000000000000                        0.000000000000000                        0.000000000000000
                      58.831284194720759                        0.000000000000000                        0.000000000000000                        0.000000000000000
                      58.972705550958075                        0.000000000000000                        0.000000000000000                        0.000000000000000
                      59.114126907195370                        0.000000000000000                        0.000000000000000                        0.000000000000000
                      59.255548263432686                        0.000000000000000                        0.000000000000000                        0.000000000000000
                      59.396969619669996                        0.000000000000000                        0.000000000000000                        0.000000000000000
                      59.538390975907305                        0.000000000000000                        0.000000000000000                        0.000000000000000
                      59.679812332144621                        0.000000000000000                        0.000000000000000                        0.000000000000000
                      59.821233688381923                        0.000000000000000                        0.000000000000000                        0.000000000000000
                      59.962655044619233                        0.000000000000000                        0.000000000000000                        0.000000000000000
                      60.104076400856542                        0.000000000000000                        0.000000000000000                        0.000000000000000
                      60.245497757093858                        0.000000000000000                        0.000000000000000                        0.000000000000000
                      60.386919113331167                        0.000000000000000                        0.000000000000000                        0.000000000000000
                      60.528340469568469                        0.000000000000000                        0.000000000000000                        0.000000000000000
                      60.669761825805779                        0.000000000000000                        0.000000000000000                        0.000000000000000
                      60.811183182043088                        0.000000000000000                        0.000000000000000                        0.000000000000000
                      60.952604538280404                        0.000000000000000                        0.000000000000000                        0.000000000000000
                      61.094025894517713                        0.000000000000000                        0.000000000000000                        0.000000000000000
                      61.235447250755016                        0.000000000000000                        0.000000000000000                        0.000000000000000
                      61.376868606992325                        0.000000000000000                        0.000000000000000                        0.000000000000000
                      61.518289963229641                        0.000000000000000                        0.000000000000000                        0.000000000000000
                      61.659711319466950                        0.000000000000000                        0.000000000000000                        0.000000000000000
                      61.801132675704260                        0.000000000000000                        0.000000000000000                        0.000000000000000
                      61.942554031941562                        0.000000000000000                        0.000000000000000                        0.000000000000000
                      62.083975388178878                        0.000000000000000                        0.000000000000000                        0.000000000000000
                      62.225396744416187                        0.000000000000000                        0.000000000000000                        0.000000000000000
                      62.366818100653497                        0.000000000000000                        0.000000000000000                        0.000000000000000
                      62.508239456890813                        0.000000000000000                        0.000000000000000                        0.000000000000000
                      62.649660813128108                        0.000000000000000                        0.000000000000000                        0.000000000000000
                      62.791082169365424                        0.000000000000000                        0.000000000000000                        0.000000000000000
                      62.932503525602733                        0.000000000000000                        0.000000000000000                        0.000000000000000
                      63.073924881840043                        0.000000000000000                        0.000000000000000                        0.000000000000000
                      63.215346238077359                        0.000000000000000                        0.000000000000000                        0.000000000000000
                      63.356767594314661                        0.000000000000000                        0.000000000000000                        0.000000000000000
                      63.498188950551970                        0.000000000000000                        0.000000000000000                        0.000000000000000
                      63.639610306789280                        0.000000000000000                        0.000000000000000                        0.000000000000000
                      63.781031663026596                        0.000000000000000                        0.000000000000000                        0.000000000000000
                      63.922453019263905                        0.000000000000000                        0.000000000000000                        0.000000000000000
                      64.063874375501200                        0.000000000000000                        0.000000000000000                        0.000000000000000
                      64.205295731738516                        0.000000000000000                        0.000000000000000                        0.000000000000000
                      64.346717087975833                        0.000000000000000                        0.000000000000000                        0.000000000000000
                      64.488138444213135                        0.000000000000000                        0.000000000000000                        0.000000000000000
                      64.629559800450451                        0.000000000000000                        0.000000000000000                        0.000000000000000
                      64.770981156687753                        0.000000000000000                        0.000000000000000                        0.000000000000000
                      64.912402512925070                        0.000000000000000                        0.000000000000000                        0.000000000000000
                      65.053823869162372                        0.000000000000000                        0.000000000000000                        0.000000000000000
                      65.195245225399688                        0.000000000000000                        0.000000000000000                        0.000000000000000
                      65.336666581637004                        0.000000000000000                        0.000000000000000                        0.000000000000000
                      65.478087937874307                        0.000000000000000                        0.000000000000000                        0.000000000000000
                      65.619509294111609                        0.000000000000000                        0.000000000000000                        0.000000000000000
                      65.760930650348925                        0.000000000000000                        0.000000000000000                        0.000000000000000
                      65.902352006586241                        0.000000000000000                        0.000000000000000                        0.000000000000000
                      66.043773362823543                        0.000000000000000                        0.000000000000000                        0.000000000000000
                      66.185194719060846                        0.000000000000000                        0.000000000000000                        0.000000000000000
                      66.326616075298162                        0.000000000000000                        0.000000000000000                        0.000000000000000
                      66.468037431535478                        0.000000000000000                        0.000000000000000                        0.000000000000000
                      66.609458787772780                        0.000000000000000                        0.000000000000000                        0.000000000000000
                      66.750880144010097                        0.000000000000000                        0.000000000000000                        0.000000000000000
                      66.892301500247399                        0.000000000000000                        0.000000000000000                        0.000000000000000
                      67.033722856484701                        0.000000000000000                        0.000000000000000                        0.000000000000000
                      67.175144212722017                        0.000000000000000                        0.000000000000000                        0.000000000000000
                      67.316565568959334                        0.000000000000000                        0.000000000000000                        0.000000000000000
                      67.457986925196636                        0.000000000000000                        0.000000000000000                        0.000000000000000
                      67.599408281433938                        0.000000000000000                        0.000000000000000                        0.000000000000000
                      67.740829637671254                        0.000000000000000                        0.000000000000000                        0.000000000000000
                      67.882250993908571                        0.000000000000000                        0.000000000000000                        0.000000000000000
                      68.023672350145873                        0.000000000000000                        0.000000000000000                        0.000000000000000
                      68.165093706383189                        0.000000000000000                        0.000000000000000                        0.000000000000000
                      68.306515062620491                        0.000000000000000                        0.000000000000000                        0.000000000000000
                      68.447936418857807                        0.000000000000000                        0.000000000000000                        0.000000000000000
                      68.589357775095110                        0.000000000000000                        0.000000000000000                        0.000000000000000
                      68.730779131332426                        0.000000000000000                        0.000000000000000                        0.000000000000000
                      68.872200487569742                        0.000000000000000                        0.000000000000000                        0.000000000000000
                      69.013621843807044                        0.000000000000000                        0.000000000000000                        0.000000000000000
                      69.155043200044346                        0.000000000000000                        0.000000000000000                        0.000000000000000
                      69.296464556281663                        0.000000000000000                        0.000000000000000                        0.000000000000000
                      69.437885912518979                        0.000000000000000                        0.000000000000000                        0.000000000000000
                      69.579307268756281                        0.000000000000000                        0.000000000000000                        0.000000000000000
                      69.720728624993583                        0.000000000000000                        0.000000000000000                        0.000000000000000
                      69.862149981230900                        0.000000000000000                        0.000000000000000                        0.000000000000000
                      70.003571337468216                        0.000000000000000                        0.000000000000000                        0.000000000000000
                      70.144992693705518                        0.000000000000000                        0.000000000000000                        0.000000000000000
                      70.286414049942834                        0.000000000000000                        0.000000000000000                        0.000000000000000
                      70.427835406180137                        0.000000000000000                        0.000000000000000                        0.000000000000000
                      70.569256762417439                        0.000000000000000                        0.000000000000000                        0.000000000000000
                      70.710678118654755                        0.000000000000000                        0.000000000000000                        0.000000000000000
                      70.852099474892071                        0.000000000000000                        0.000000000000000                        0.000000000000000
                      70.993520831129374                        0.000000000000000                        0.000000000000000                        0.000000000000000
                      71.134942187366676                        0.000000000000000                        0.000000000000000                        0.000000000000000
                      71.276363543603992                        0.000000000000000                        0.000000000000000                        0.000000000000000
                      71.417784899841308                        0.000000000000000                        0.000000000000000                        0.000000000000000
                      71.559206256078610                        0.000000000000000                        0.000000000000000                        0.000000000000000
                      71.700627612315927                        0.000000000000000                        0.000000000000000                        0.000000000000000
                      71.842048968553229                        0.000000000000000                        0.000000000000000                        0.000000000000000
                      71.983470324790545                        0.000000000000000                        0.000000000000000                        0.000000000000000
                      72.124891681027847                        0.000000000000000                        0.000000000000000                        0.000000000000000
                      72.266313037265164                        0.000000000000000                        0.000000000000000                        0.000000000000000
                      72.407734393502480                        0.000000000000000                        0.000000000000000                        0.000000000000000
                      72.549155749739782                        0.000000000000000                        0.000000000000000                        0.000000000000000
                      72.690577105977084                        0.000000000000000                        0.000000000000000                        0.000000000000000
                      72.831998462214401                        0.000000000000000                        0.000000000000000                        0.000000000000000
                      72.973419818451717                        0.000000000000000                        0.000000000000000                        0.000000000000000
                      73.114841174689019                        0.000000000000000                        0.000000000000000                        0.000000000000000
                      73.256262530926321                        0.000000000000000                        0.000000000000000                        0.000000000000000
                      73.397683887163637                        0.000000000000000                        0.000000000000000                        0.000000000000000
                      73.539105243400954                        0.000000000000000                        0.000000000000000                        0.000000000000000
                      73.680526599638256                        0.000000000000000                        0.000000000000000                        0.000000000000000
                      73.821947955875572                        0.000000000000000                        0.000000000000000                        0.000000000000000
                      73.963369312112874                        0.000000000000000                        0.000000000000000                        0.000000000000000
                      74.104790668350191                        0.000000000000000                        0.000000000000000                        0.000000000000000
                      74.246212024587493                        0.000000000000000                        0.000000000000000                        0.000000000000000
                      74.387633380824809                        0.000000000000000                        0.000000000000000                        0.000000000000000
                      74.529054737062111                        0.000000000000000                        0.000000000000000                        0.000000000000000
                      74.670476093299413                        0.000000000000000                        0.000000000000000                        0.000000000000000
                      74.811897449536730                        0.000000000000000                        0.000000000000000                        0.000000000000000
                      74.953318805774046                        0.000000000000000                        0.000000000000000                        0.000000000000000
                      75.094740162011348                        0.000000000000000                        0.000000000000000                        0.000000000000000
                      75.236161518248664                        0.000000000000000                        0.000000000000000                        0.000000000000000
                      75.377582874485967                        0.000000000000000                        0.000000000000000                        0.000000000000000
                      75.519004230723283                        0.000000000000000                        0.000000000000000                        0.000000000000000
                      75.660425586960585                        0.000000000000000                        0.000000000000000                        0.000000000000000
                      75.801846943197901                        0.000000000000000                        0.000000000000000                        0.000000000000000
                      75.943268299435218                        0.000000000000000                        0.000000000000000                        0.000000000000000
                      76.084689655672520                        0.000000000000000                        0.000000000000000                        0.000000000000000
                      76.226111011909822                        0.000000000000000                        0.000000000000000                        0.000000000000000
                      76.367532368147138                        0.000000000000000                        0.000000000000000                        0.000000000000000
                      76.508953724384455                        0.000000000000000                        0.000000000000000                        0.000000000000000
                      76.650375080621757                        0.000000000000000                        0.000000000000000                        0.000000000000000
                      76.791796436859059                        0.000000000000000                        0.000000000000000                        0.000000000000000
                      76.933217793096375                        0.000000000000000                        0.000000000000000                        0.000000000000000
                      77.074639149333692                        0.000000000000000                        0.000000000000000                        0.000000000000000
                      77.216060505570994                        0.000000000000000                        0.000000000000000                        0.000000000000000
                      77.357481861808310                        0.000000000000000                        0.000000000000000                        0.000000000000000
                      77.498903218045612                        0.000000000000000                        0.000000000000000                        0.000000000000000
                      77.640324574282928                        0.000000000000000                        0.000000000000000                        0.000000000000000
                      77.781745930520231                        0.000000000000000                        0.000000000000000                        0.000000000000000
                      77.923167286757547                        0.000000000000000                        0.000000000000000                        0.000000000000000
                      78.064588642994849                        0.000000000000000                        0.000000000000000                        0.000000000000000
                      78.206009999232151                        0.000000000000000                        0.000000000000000                        0.000000000000000
                      78.347431355469467                        0.000000000000000                        0.000000000000000                        0.000000000000000
                      78.488852711706784                        0.000000000000000                        0.000000000000000                        0.000000000000000
                      78.630274067944086                        0.000000000000000                        0.000000000000000                        0.000000000000000
                      78.771695424181402                        0.000000000000000                        0.000000000000000                        0.000000000000000
                      78.913116780418704                        0.000000000000000                        0.000000000000000                        0.000000000000000
                      79.054538136656021                        0.000000000000000                        0.000000000000000                        0.000000000000000
                      79.195959492893323                        0.000000000000000                        0.000000000000000                        0.000000000000000
                      79.337380849130639                        0.000000000000000                        0.000000000000000                        0.000000000000000
                      79.478802205367955                        0.000000000000000                        0.000000000000000                        0.000000000000000
                      79.620223561605258                        0.000000000000000                        0.000000000000000                        0.000000000000000
                      79.761644917842560                        0.000000000000000                        0.000000000000000                        0.000000000000000
                      79.903066274079876                        0.000000000000000                        0.000000000000000                        0.000000000000000
                      80.044487630317192                        0.000000000000000                        0.000000000000000                        0.000000000000000
                      80.185908986554495                        0.000000000000000                        0.000000000000000                        0.000000000000000
                      80.327330342791797                        0.000000000000000                        0.000000000000000                        0.000000000000000
                      80.468751699029113                        0.000000000000000                        0.000000000000000                        0.000000000000000
                      80.610173055266429                        0.000000000000000                        0.000000000000000                        0.000000000000000
                      80.751594411503731                        0.000000000000000                        0.000000000000000                        0.000000000000000
                      80.893015767741048                        0.000000000000000                        0.000000000000000                        0.000000000000000
                      81.034437123978350                        0.000000000000000                        0.000000000000000                        0.000000000000000
                      81.175858480215666                        0.000000000000000                        0.000000000000000                        0.000000000000000
                      81.317279836452968                        0.000000000000000                        0.000000000000000                        0.000000000000000
                      81.458701192690285                        0.000000000000000                        0.000000000000000                        0.000000000000000
                      81.600122548927601                        0.000000000000000                        0.000000000000000                        0.000000000000000
                      81.741543905164889                        0.000000000000000                        0.000000000000000                        0.000000000000000
                      81.882965261402205                        0.000000000000000                        0.000000000000000                        0.000000000000000
                      82.024386617639522                        0.000000000000000                        0.000000000000000                        0.000000000000000
                      82.165807973876824                        0.000000000000000                        0.000000000000000                        0.000000000000000
                      82.307229330114140                        0.000000000000000                        0.000000000000000                        0.000000000000000
                      82.448650686351442                        0.000000000000000                        0.000000000000000                        0.000000000000000
                      82.590072042588758                        0.000000000000000                        0.000000000000000                        0.000000000000000
                      82.731493398826061                        0.000000000000000                        0.000000000000000                        0.000000000000000
                      82.872914755063377                        0.000000000000000                        0.000000000000000                        0.000000000000000
                      83.014336111300693                        0.000000000000000                        0.000000000000000                        0.000000000000000
                      83.155757467537995                        0.000000000000000                        0.000000000000000                        0.000000000000000
                      83.297178823775297                        0.000000000000000                        0.000000000000000                        0.000000000000000
                      83.438600180012614                        0.000000000000000                        0.000000000000000                        0.000000000000000
                      83.580021536249930                        0.000000000000000                        0.000000000000000                        0.000000000000000
                      83.721442892487232                        0.000000000000000                        0.000000000000000                        0.000000000000000
                      83.862864248724534                        0.000000000000000                        0.000000000000000                        0.000000000000000
                      84.004285604961851                        0.000000000000000                        0.000000000000000                        0.000000000000000
                      84.145706961199167                        0.000000000000000                        0.000000000000000                        0.000000000000000
                      84.287128317436469                        0.000000000000000                        0.000000000000000                        0.000000000000000
                      84.428549673673785                        0.000000000000000                        0.000000000000000                        0.000000000000000
                      84.569971029911088                        0.000000000000000                        0.000000000000000                        0.000000000000000
                      84.711392386148404                        0.000000000000000                        0.000000000000000                        0.000000000000000

